企業コード,業種,企業名,2018売上,2018営業利益,2018当期利益,2018基本的1株当たり当期利益,2019売上,2019営業利益,2019当期利益,2019基本的1株当たり当期利益,2020売上,2020営業利益,2020当期利益,2020基本的1株当たり当期利益,2021売上,2021営業利益,2021当期利益,2021基本的1株当たり当期利益,20201株当たりの当期純利益,2020PER,20201株当たりの純資産,2020PBR,2020ROA,2020ROE,2020自己資本比率,2020配当性向,2020営業CF,2020投資CF,2020財務CF,20211株当たりの当期純利益,2021PER,20211株当たりの純資産,2021PBR,2021ROA,2021ROE,2021自己資本比率,2021配当性向,2021営業CF,2021投資CF,2021財務CF,短信決算発表日,決算月,2020配当利回り,2021配当利回り,中間配当,期末配当,中間配当権利付き最終日,中間配当基準日,期末配当権利付き最終日,期末配当基準日,専門家予想,みんなの予想
6902,電気機器,デンソー,"5,108,291","412,676","343,444",410.45,"5,362,772","316,196","279,609",326.47,"5,153,476","61,078","84,622",87.89,"4,936,725","155,107","148,095",161.39,△109.05,,"2,683.24",,1.2,1.95,57.2,159.3,"595,320","△447,390","△240,948",52.71,,"3,099.30",,1.85,3.43,54.5,86.7,"437,235","△395,903","238,657",2021/4/28,3.0,3.05,2.79,80.0,70.0,2021/9/27,2021/9/30,2021/3/28,2021/3/31,5,9
6701,電気機器,NEC,"2,844,447","63,850","60,157",176.54,"2,913,446","58,465","52,450",154.75,"3,095,234","127,609","112,719",385.02,"2,994,023","153,759","161,866",557.18,149.6,,"2,771.40",,3.2,11.3,34.3,18.2,"261,863","△84,023","△91,747",612.27,,"3,408.74",,4.08,13.49,38.8,16.2,"274,907","△122,491","1,394",2021/5/12,3.0,1.6,1.63,50.0,50.0,2021/9/27,2021/9/30,2021/3/28,2021/3/31,2,8
6762,電気機器,TDK,"1,271,747","89,692","63,463",502.8,"1,381,806","107,823","82,205",651.02,"1,363,037","97,870","57,780",457,"1,479,008","111,535","79,430",528,△282,,"1,725",,2.97,6.71,25.0,39,"222,390",△41964,△121769,944,,"2,495",,3.3,8.59,29.0,29,"222,814",△231488,"29,193",2021/4/28,3.0,1.82,1.43,100.0,90.0,2021/9/27,2021/9/30,2021/3/28,2021/3/31,7,10
6857,電気機器,アドバンテス,"207,223","24,487","18,103",101.94,"282,456","64,662","56,993",302.35,"275,894","58,708","53,532",270,312789,"70,726","69,787",354,278,,"1,309",,15.05,24.89,70.0,30,"66,475",△38819,△17916,269,,"1,450",,16.51,27.27,69.0,33,"67,830",△16831,△30415,2021/4/27,3.0,1.85,1.78,50.0,80.0,2021/9/27,2021/9/30,2021/3/28,2021/3/31,8,5
7735,電気機器,スクリン,"339,368","42,725","28,507",608.62,"364,234","29,645","18,059",387.1,"323,249","12,561","5,010",107.37,"320,322","24,492","15,164",325.21,107.37,,"3,727.10",,1.44,2.84,50.0,27.9,"11,811","△11,293","4,927",325.21,,"4,475.17",,3.96,7.93,54.5,27.7,"57,205","△6,242","△27,071",2021/5/11,3.0,0.5,1.42,0.0,90.0,2021/9/27,2021/9/30,2021/3/28,2021/3/31,4,2
6758,電気機器,ソニー,"8,543,982","734,860","490,794",388.32,"8,665,687","894,235","916,271",723.41,"8,259,885","845,459","582,191",472,"8,999,360","971,865","1,171,776",952.29,316.74,,"2,207.21",,2.53,14.79,79.4,9.5,"1,349,745","△1,352,278","65,658",159.02,,"2,361.33",,3.74,19.06,78.0,5.8,"1,350,150","△1,781,516","666,967",2021/4/28,3.0,0.71,0.62,30.0,30.0,2021/9/27,2021/9/30,2021/3/28,2021/3/31,9,3
6981,電気機器,村田製,"1,371,842","163,254","146,086",228.62,"1,575,026","266,807","206,930",323.45,"1,534,045","253,247","183,012",286,"1,630,193","313,240","237,057",370.51,106,,940.38,,8.13,11.1,52.4,33.9,"350,334","△284,431","17,650",133.35,,974.49,,9.63,13.12,49.1,31,"373,571","△150,275","△118,189",2021/4/28,3.0,1.75,1.52,60.0,60.0,2021/9/27,2021/9/30,2021/3/28,2021/3/31,9,2
6976,電気機器,太陽誘電,"244,117","20,221","16,355",138.8,"274,349","35,237","23,687",189.93,"282,329","37,176","18,022",143.04,"300,920","40,766","28,615",227.99,12,,"1,083.60",,5.25,8.68,55.2,18.2,"52,434","△40,874","△4,851",117,,"1,171.02",,7.07,12.63,50.9,18,"52,882","△42,218","12,604",2021/5/13,3.0,0.99,1.0,40.0,25.0,2021/9/27,2021/9/30,2021/3/28,2021/3/31,9,7
8035,電気機器,東エレク,"1,130,728","281,172","204,371","1,245.48","1,278,240","310,571","248,228","1,513.58","1,127,286","237,292","185,206","1,170.57","1,399,102","320,685","242,941","242,941","1,121.95",,"3,018.59",,14.49,21.79,46.7,50.2,"253,117","15,951","△250,374","1,359.70",,"3,949.36",,17.04,26.52,59.4,50,"145,888","△18,274","△114,525",2021/4/30,3.0,2.93,2.48,643.0,421.0,2021/9/27,2021/9/30,2021/3/28,2021/3/31,9,3
6501,電気機器,日立,"9,368,614","714,630","490,918",375.93,"9,480,619","754,976","321,022",230.47,"8,767,263","661,883","127,246",90.71,"8,729,196","495,180","518,510",519.29,123.59,,"1,631.97",,0.88,2.73,39.4,104.8,"560,920","△525,826","2,837",729.77,,"2,318.50",,4.23,15.01,45.0,20.2,"793,128","△458,840","△184,838",2021/4/28,3.0,2.4,2.71,60.0,55.0,2021/9/27,2021/9/30,2021/3/28,2021/3/31,5,9
6971,電気機器,京セラ,"1,577,039","90,699","79,137",215.22,"1,623,710","94,823","103,210",284.94,"1,599,053","100,193","107,721",297.36,"1,526,897","70,644","90,214",248.91,244.2,,"5,561.83",,3.31,4.59,80.0,53.8,"214,630","△145,551","△157,126",257.34,,"5,860.98",,2.58,3.59,79.1,56.2,"220,821","△183,792","△80,968",2021/4/27,3.0,2.3,2.23,90.0,80.0,2021/9/27,2021/9/30,2021/3/28,2021/3/31,10,8
6723,電気機器,ルネサス,"779,255","101,856","102,107",61.2,"756,503","68,196","51,059",30.57,"718,243","6,263","△6,228",△3.73,"715,673","65,142","45,726",26.54,10.05,,286.02,,△0.38,△1.04,30.0,,"201,960","△742,162","500,466",27.6,,317.65,,2.84,7.37,33.8,,"223,889","△40,163","△104,470",2021/2/10,12.0,0.0,0.0,0.0,0.0,2021/9/27,2021/9/30,2021/3/28,2021/3/31,1,3
7752,電気機器,リコー,"2,063,363","△115,676","△129,639",△186.75,"2,013,228","86,839","55,377",68.32,"2,008,580","79,040","44,413",54.58,"1,682,069","△45,429","△32,664",△45.20,5.81,,636.38,,1.38,4.27,49.9,47.6,"116,701","△164,591","75,757",121.59,,737.31,,△1.73,△3.56,54.7,47.6,"126,962","△63,559","△4,085",2021/5/7,3.0,2.45,1.89,13.0,7.5,2021/9/27,2021/9/30,2021/3/28,2021/3/31,7,2
6503,電気機器,三菱電,"4,444,424","327,444","255,755",119.19,"4,519,921","290,477","226,648",105.65,"4,462,509","259,661","221,834",103.41,"4,191,433","230,195","193,132",90.03,74,,597.76,,5.03,9.19,44.7,38.7,"395,834","△203,997","△156,454",86.48,,680.76,,4.03,7.45,47.8,40,"542,119","△176,552","△157,352",2021/4/28,3.0,2.75,2.43,14.0,26.0,2021/9/27,2021/9/30,2021/3/28,2021/3/31,1,7
6752,電気機器,パナソニックHD,"7,982,164","380,539","252,027",101,"8,002,733","411,498","302,737",122,"7,490,601","293,751","240,038",96.76,"6,698,794","258,600","183,894",71,67,,650,,3.63,11.54,34.0,31,"430,303",△206096,"48,222",34,,662,,2.41,7.19,35.0,28,"504,038","176,596",△177704,2021/5/10,3.0,3.15,1.87,15.0,10.0,2021/9/27,2021/9/30,2021/3/28,2021/3/31,3,1
6702,電気機器,富士通,"4,098,379","182,489","177,255",825.32,"3,952,437","130,227","110,718",512.5,"3,857,797","211,483","160,326",791.2,"3,589,702","266,324","213,523","1,013.78",900.73,,"4,512.72",,5.02,13.49,46.5,22.8,"347,263","△114,206","△193,164",790.82,,"5,180.51",,6.35,15.06,52.8,19.7,"307,947","△71,561","△219,626",2021/4/28,3.0,1.97,1.47,110.0,100.0,2021/9/27,2021/9/30,2021/3/28,2021/3/31,3,8
6504,電気機器,富士電機,"893,451","55,962","37,763",264.34,"914,915","59,972","40,267",281.89,"900,604","42,515","28,793",201.57,"875,927","48,595","41,926",293.52,115.03,,"1,848.81",,2.89,8.01,36.4,39.7,"46,087","△27,621","16,917",151.16,,"1,989.37",,3.99,10.71,39.0,29,"26,931","23,477","△39,520",2021/4/27,3.0,2.39,2.48,45.0,45.0,2021/9/27,2021/9/30,2021/3/28,2021/3/31,2,9
6952,電気機器,カシオ,"314,790","29,568","19,563",79.42,"298,161","30,262","22,135",89.86,"280,750","29,064","17,588",72.23,"227,440","15,372","12,014",49.52,58.45,,691.08,,5.26,8.49,59.8,62.3,"33,047","△1,695","△24,915",34.49,,681.03,,3.62,5.8,62.1,90.9,"24,587","△3,116","△22,950",2021/5/13,3.0,2.71,2.48,22.5,22.5,2021/9/27,2021/9/30,2021/3/28,2021/3/31,8,1
6841,電気機器,横河電,"406,590","32,705","21,481",80.39,"403,711","34,594","28,446",106.54,"404,432","35,588","14,686",55.02,"374,206","31,599","19,219",72,16.29,,713.6,,3,5.1,67.7,61.8,"31,132","△18,182","4,583",△9.96,,685.8,,3.7,6.47,67.1,47.2,"32,842","△18,617","△17,105",2021/5/11,3.0,1.72,1.88,17.0,17.0,2021/9/27,2021/9/30,2021/3/28,2021/3/31,7,7
6770,電気機器,アルプスアルパイン,"858,317","71,907","47,390",241.91,"851,332","49,641","22,114",110.19,"810,570","26,795","△4,009",△19.53,"718,013","13,109","△3,837",△18.72,△71.90,,845.32,,△0.64,△1.16,52.6,△153.60,"87,210","△42,419","△31,601",△63.52,,770.93,,△0.55,△1.15,41.1,△106.83,"42,636","△41,165","14,515",2021/4/30,3.0,1.48,1.41,10.0,10.0,2021/9/27,2021/9/30,2021/3/28,2021/3/31,3,8
6753,電気機器,シャープ,"2,427,271","90,125","70,225",106.07,"2,400,072","84,140","74,226",116.8,"2,262,284","51,464","13,726",22.47,"2,425,910","83,112","53,263",87.2,47.62,,323.39,,0.76,4.59,13.2,80.1,"68,453","△128,249","4,560",△20.69,,93.08,,2.76,17.56,4.0,34.4,"204,642","△14,114","△76,724",2021/5/11,3.0,1.35,2.09,0.0,30.0,2021/9/27,2021/9/30,2021/3/28,2021/3/31,8,2
6479,電気機器,ミネベア,"881,413","68,902","50,563",119.61,"884,723","72,033","60,702",143.9,"978,445","58,647","46,923",111.11,"988,424","51,166","38,787",94.95,111,,942,,5.32,11.58,46.0,25.2,"86,486","△43,540","△28,758",95,,"1,063",,3.97,9.17,46.0,37.9,"93,763","△70,581","9,257",2021/5/7,3.0,1.46,1.73,18.0,22.0,2021/9/27,2021/9/30,2021/3/28,2021/3/31,1,9
6724,電気機器,エプソン,"1,102,116","65,003","41,764",118.78,"1,089,676","71,355","54,044",152.49,"1,043,600","39,479","7,823",22.26,"995,940","47,654","30,995",89.38,△49.63,,957.97,,0.74,1.48,48.8,278.5,"102,324","△76,131",△283,△3.74,,892.84,,2.66,5.86,42.1,69.4,"133,222","△57,448","23,150",2021/4/28,3.0,3.91,4.45,31.0,31.0,2021/9/27,2021/9/30,2021/3/28,2021/3/31,10,10
7751,電気機器,キャノン,"4,080,015","321,605","241,923",223,"3,951,937","342,952","252,755",234,"3,593,299","174,420","124,964",116.79,"3,160,243","110,547","83,318",79.37,84.27,,"1,276.73",,2.62,4.53,46.4,136.2,"358,461","△228,568","△232,590",40.81,,"1,171.59",,1.8,3.17,42.9,100.4,"333,805","△155,439","△183,449",2021/1/28,12.0,5.23,3.67,40.0,40.0,2021/6/27,2021/6/30,2021/12/28,2021/12/31,9,4
6594,電気機器,ニデック,"1,488,090","166,842","130,834",441.91,"1,518,320","138,620","110,798",375.83,"1,534,800","108,558","58,459",99.37,"1,618,064","160,011","121,977",208.25,52.74,,493.19,,2.75,6.01,24.4,57.9,"168,049","△311,513","128,546",70.98,,508.87,,5.41,11.94,22.8,28.8,"219,156","△100,568","△136,191",2021/4/22,3.0,0.79,0.59,30.0,30.0,2021/9/27,2021/9/30,2021/3/28,2021/3/31,6,4
6861,電気機器,キーエンス,526847,"292,890","210,595",1736.65,"587,095","317,868","226,147",1864.91,"551,843","277,631","198,124",817,"538,134","276,758","197,289",813,817,,"7,249",,10.79,11.84,95.8,18.4,203434,△222712,△24296,813.47,,7887.16,,9.82,10.75,95.2,24.6,192652,△177487,△48532,2021/4/28,3.0,0.43,0.41,100.0,100.0,2021/9/27,2021/9/30,2021/3/28,2021/3/31,8,5
6645,電気機器,オムロン,"859,982","86,254","63,159",296.85,"859,482","76,633","54,323",260.78,"677,980","54,760","74,895",365.26,"655,529","62,480","43,307",214.72,387.12,,"1,499.52",,9.88,14.48,59.4,23,"89,787","28,639","△29,430",91.74,,"1,482.20",,5.28,7.62,55.6,39.1,"93,831","△14,785","△20,352",2021/4/27,3.0,1.43,1.04,46.0,42.0,2021/9/27,2021/9/30,2021/3/28,2021/3/31,3,9
6506,電気機器,安川電,"448,523","54,126","39,749",149.35,"474,638","49,766","41,164",155.86,"410,957","24,198","15,742",59.42,"389,712","27,180","19,260",72.41,55.18,,426.61,,3.46,6.56,47.5,87.5,"21,480","△20,645",491,60.8,,458.23,,3.88,7.98,47.7,33.1,"39,602","△9,601","△20,284",2021/4/9,2.0,1.37,0.57,26.0,12.0,2021/8/28,2021/8/31,2021/2/25,2021/2/28,7,2
6954,電気機器,ファナック,"726,596","229,604","181,957",938.66,"635,568","163,297","154,163",795.34,"508,252","88,350","73,371",381.89,"551,287","112,514","94,012",490.11,284.69,,"5,654.25",,4.85,5.25,92.1,78.6,"144,872","△ 84,319","△ 140,726",367.28,,"5,819.40",,5.78,6.76,90.3,60,"117,996","△ 16,770","△ 53,132",2021/4/27,3.0,1.53,1.33,246.02,206.14,2021/9/27,2021/9/30,2021/3/28,2021/3/31,10,9
6674,電気電子,GSユアサ,"410,951","21,920","11,449",138.9,"413,089","22,654","13,524",164.74,"395,553","21,676","13,674",168.23,"386,511","24,810","11,455",141.91,88.58,,"1,576.23",,3.55,7.71,73.8,29.7,"33,119","△20,690","△10,245",88.06,,"1,628.18",,2.65,6.05,72.5,35.2,"35,817","△19,327","△7,018",2021/5/12,3.0,2.44,2.24,15.0,50.0,2021/9/27,2021/9/30,2021/3/28,2021/3/31,9,1
1332,水産,ニッスイ,"677,293","23,240","17,234",55.33,"712,111","21,685","15,379",49.41,"690,016","22,834","14,768",47.47,"656,491","18,079","14,452",46.45,17.47,,291.77,,3,9.86,26.3,17.9,"18,786","△29,446","25,942",29.63,,328.72,,3.03,8.92,30.9,20.5,"45,910","△18,023","△44,786",2021/5/13,3.0,1.33,2.03,6.0,5.5,2021/9/27,2021/9/30,2021/3/28,2021/3/31,7,3
1605,鉱業,INPEX,"933,701",357363,40362,27.64,"933,701",357363,"40,362",27.64,"1,000,005","498,641","123,550",84.61,"771,046","248,471","△111,699",△76.50,84.61,,"2,082.43",,2.55,4.09,62.7,35.5,"274,730","△288,740","△48,615",△76.50,,"1,874.08",,△2.41,△3.87,59.0,△31.37,"292,915","△417,189","126,747",2021/2/10,12.0,3.01,3.4,12.0,12.0,2021/6/27,2021/6/30,2021/12/28,2021/12/31,6,6
1801,建設,大成建,"1,585,497","181,859","126,788",561.36,"1,650,877","153,323","112,571",511.9,"1,751,330","167,755","122,087",573.14,"1,480,141","130,516","92,554",442.66,470.37,,"2,892.16",,6.46,16.6,36.6,22.7,"77,475","33,260","△66,647",374.33,,"3,252.88",,4.95,11.63,40.7,29.4,"67,494","△18,683","△37,342",2021/5/14,3.0,3.13,3.54,65.0,65.0,2021/9/27,2021/9/30,2021/3/28,2021/3/31,6,9
1812,建設,鹿島,"1,830,625","158,373","126,778",244.29,"1,974,269","142,622","109,839",211.67,"2,010,751","131,987","103,242",200.99,"1,907,176","127,298","98,522",193.13,155.72,,"1,096.69",,4.75,13.36,35.3,24.9,"53,061","△101,813","△10,866",162.06,,"1,261.00",,4.55,11.82,41.0,28,"153,097","△65,434","△39,110",2021/5/14,3.0,3.53,4.14,27.0,29.0,2021/9/27,2021/9/30,2021/3/28,2021/3/31,1,5
1925,建設,大和ハウス,"3,795,992","347,141","236,357",355.87,"4,143,505","372,195","237,439",357.29,"4,380,209","381,114","233,603",351.84,"4,126,769","357,121","195,076",297.18,295.93,,"2,049.19",,5.05,14.06,44.1,32.7,"149,651","△317,273","169,128",278.09,,"2,241.34",,3.86,10.95,44.2,39,"430,314","△389,980","102,731",2021/5/14,3.0,3.49,4.0,55.0,66.0,2021/9/27,2021/9/30,2021/3/28,2021/3/31,1,9
1803,建設,清水建,"1,519,435","21,373","84,978",108.31,"1,664,960","129,724","99,668",127.04,"1,698,292","133,894","98,977",128.31,"1,456,473","100,151","77,176",101.17,115.65,,811.5,,5.2,13.56,38.7,29.6,"170,557","△115,745","68,732",94.7,,912.13,,4.04,9.99,42.7,29.7,"80,674",△113954,"△42,710",2021/5/10,3.0,3.89,3.65,11.5,18.0,2021/9/27,2021/9/30,2021/3/28,2021/3/31,1,10
1802,建設,大林組,"1,900,655","137,800","92,662",129.09,"2,039,685","155,480","113,155",157.65,"2,073,043","152,871","113,093",157.59,"1,766,893","123,161","98,780",137.64,123.29,,914.31,,5.07,14.25,38.5,20.3,"237,628","△47,318","△49,397",113.2,,"1,042.38",,4.35,11.3,42.5,23.2,"24,803","△79,075","△8,483",2021/5/12,3.0,2.93,3.32,16.0,16.0,2021/9/27,2021/9/30,2021/3/28,2021/3/31,1,1
1721,建設,コムシスHD,380024,"30,347","20,390",178.64,"481,783","35,267","28,018",230.1,"560,882","38,953","25,994",202.97,"563,252","41,572","29,369",232.72,89.48,,"1,032.52",,5.78,8.58,83.0,37,"37,496","△9,919","△19,819",93.15,,"1,013.92",,6.13,9.25,77.1,36.5,"25,469","△8,861","△20,258",2021/5/14,3.0,2.56,2.76,45.0,45.0,2021/9/27,2021/9/30,2021/3/28,2021/3/31,4,6
1928,建設,積水ハウス,"2,159,363","195,540","133,224",193.06,"2,160,316","189,223","128,582",186.53,"2,415,186","205,256","141,256",205.79,"2,446,904","186,519","123,542",181.18,96.39,,"1,267.72",,5.36,11.54,54.8,39.4,"363,766","△65,229","△148,160",102.63,,"1,284.09",,4.7,9.53,54.6,46.4,"191,972","△95,504","△77,614",2021/3/4,1.0,4.07,4.22,43.0,39.0,2021/7/28,2021/7/31,2021/1/28,2021/1/31,10,10
1963,建設,日揮HD,722987,"21,495","16,589",65.75,"619,241","23,249","24,005",95.14,"480,809","20,234","4,117",16.32,"433,970","22,990","5,141",20.37,16.32,,"1,547.45",,0.61,1.03,58.2,73.5,"92,442",19364,△7699,20.37,,"1,652.19",,0.73,1.27,59.4,58.9,"12,467",△13520,196,2021/5/12,3.0,0.81,1.08,0.0,12.0,2021/9/27,2021/9/30,2021/3/28,2021/3/31,9,9
1808,建設,長谷工,"813,276","100,805","72,289",241.98,"890,981","98,430","87,391",293.87,"846,029","85,925","59,851",201.36,"809,438","72,909","48,258",168.62,226.06,,"1,135.35",,7.49,15.86,51.2,34.8,"△15,263","△37,222","△8,356",164.87,,"1,222.26",,5.06,12.34,42.7,41.5,"31,876","△35,772","66,799",2021/5/13,3.0,5.44,5.33,35.0,35.0,2021/9/27,2021/9/30,2021/3/28,2021/3/31,3,9
2801,食品,キッコーマン,"430,602","36,502","23,846",123.71,"453,565","38,417","25,992",135.39,"468,616","39,826","26,595",138.53,"468,119","42,613","28,828",150.17,42.62,,446.41,,6.87,9.89,39.4,30.3,"39,654","△29,229","△9,146",50.28,,458.68,,7.11,10.73,38.9,30,"55,136","△16,811","△13,179",2021/4/27,3.0,0.82,0.75,22.0,24.0,2021/9/27,2021/9/30,2021/3/28,2021/3/31,5,3
2282,食品,日本ハム,"1,258,463","45,830","37,724",352.26,"1,234,180","32,265","19,017",183.21,"1,229,826","43,772","18,933",186.7,"1,176,101","52,426","31,058",317.97,91.85,,"2,041.34",,2.5,4.77,40.4,48.2,"65,464","△36,728","△3,077",67.59,,"2,034.12",,3.95,7.78,40.6,29.6,"82,518","△57,827","△14,934",2021/5/10,3.0,2.04,2.12,0.0,94.0,2021/9/27,2021/9/30,2021/3/28,2021/3/31,7,6
2502,食品,アサヒ,"2,084,877","183,192","138,848",307.78,"2,120,291","211,772","150,938",329.8,"2,089,048","201,436","141,290",310.44,"2,027,762","135,167","92,584",196.52,310.44,,2462.07,,4.53,11.89,39.7,32.2,"253,469","△103,666","△158,841",196.52,,2993.7,,2.09,6.72,34.2,53.9,"275,859","△1,243,372","956,759",2021/2/12,12.0,2.02,2.67,54.0,55.0,2021/6/27,2021/6/30,2021/12/28,2021/12/31,7,7
2002,食品,日清製粉G,"540,094","27,200","21,339",71.47,"565,343","26,916","22,268",74.98,"712,180","28,852","22,407",75.4,"679,495","27,197","19,011",63.95,75.4,,"1,328.71",,3.36,5.61,59.3,45.1,"38,420","△96,844","8,337",63.95,,"1,456.37",,2.77,4.59,63.0,57.9,"49,506","△17,105","△31,264",2021/5/17,3.0,1.59,2.18,19.0,20.0,2021/9/27,2021/9/30,2021/3/28,2021/3/31,3,2
2501,食品,サッポロHD,536585,12806,6367,92.27,521856,10828,7721,109.4,"491,896","12,208","3,820",55.92,"434,723","△15,938","△16,605",△206.31,56.36,,"2,201.58",,0.68,2.6,41.9,75.1,"36,069","△24,930","△5,984",97.96,,"1,768.66",,△2.61,△9.92,35.6,△20.35,"16,466","△16,000","4,138",2021/2/10,12.0,1.68,2.03,0.0,42.0,2021/6/27,2021/6/30,2021/12/28,2021/12/31,1,9
2802,食品,味の素,"1,114,784","95,672","68,174",105.76,"1,127,483","92,635","39,004",53.62,"1,100,039","99,236","28,969",34.37,"1,071,453","113,136","66,280",108.36,15.49,,547.64,,1.39,3.28,30.8,93.1,"114,856","△66,651","△52,306",68.61,,590.55,,4.15,10.25,32.9,38.8,"165,650","△66,247","△60,387",2021/5/10,3.0,1.7,2.01,24.0,26.0,2021/9/27,2021/9/30,2021/3/28,2021/3/31,3,9
2269,食品,明治HD,"1,240,860","94,673","61,278",422.15,"1,254,380","98,383","61,868",426.61,"1,252,706","102,710","67,318",464.08,"1,191,765","106,061","65,655",452.52,145.69,,"1,807.60",,6.74,12.35,69.2,32.3,"114,103","△70,811","△30,287",154.07,,"1,834.08",,6.15,11.09,68.9,35.4,"123,683","△93,110","△28,293",2021/5/18,3.0,1.95,2.06,80.0,85.0,2021/9/27,2021/9/30,2021/3/28,2021/3/31,3,3
2531,食品,宝HLD,"268,142","15,612","11,029",54.97,"277,443","17,804","10,411",52.15,281191,"15,836","8,980",45,"278,443","21,595","10,574",53,45.11,,747,,3.16,6.07,52.1,44.3,11744,△3690,△11653,53.48,,793.53,,3.45,6.94,51.1,39.3,27100,△6738,△1506,2021/5/13,3.0,1.87,1.88,0.0,21.0,2021/9/27,2021/9/30,2021/3/28,2021/3/31,5,9
2503,食品,キリンHD,1863730,194609,266745,265.17,1930522,199327,195211,183.57,1941305,190754,81438,68,1849545,162115,99842,85.57,68,,1254.73,,2.47,6.58,37.6,94.1,178826,△175619,△9997,85.57,,1199.05,,2.92,8.24,34.1,76,164839,△115981,△52474,2021/2/15,12.0,2.98,3.11,32.5,32.5,2021/6/27,2021/6/30,2021/12/28,2021/12/31,7,2
2871,食品,ニチレイ,"568,032","29,897","19,097",142,"580,141","29,511","19,943",149.65,"584,858","31,035","19,609",147.16,"572,757","32,949","21,212",159.19,147.16,,"1,384.90",,5.03,10.85,47.3,28.5,"39,441","△24,300","△10,225",159.19,,"1,525.76",,5.23,10.94,50.1,31.4,"45,453","△32,213","△10,709",2021/5/11,3.0,1.62,1.73,25.0,28.0,2021/9/27,2021/9/30,2021/3/28,2021/3/31,10,3
2914,食品,JT,"2,139,653","561,101","396,749",219.1,"2,215,962","564,984","387,431",215.31,"2,175,626","502,355","361,622",195.97,"2,092,561","469,054","312,029",174.88,195.97,,1371.8,,6.27,13.16,48.0,78.6,"540,410","△123,571","△333,832",174.88,,1299.74,,5.77,11.97,46.9,88.1,"519,833","5,354","△297,404",2021/2/9,12.0,7.4,6.47,65.0,75.0,2021/6/27,2021/6/30,2021/12/28,2021/12/31,7,1
3401,繊維,帝人,"834,986","69,823","45,556",231,"888,589","60,000","45,057",232.39,"853,746","56,205","25,252",132,"836,512","54,931","△6,662",△34.70,148.5,,"1,333.56",,2.51,6.27,45.8,45.6,"94,214","△67,922","△8,059",△76.42,,"1,243.18",,△0.64,△1.66,42.7,△144.09,"107,729","△79,587","△20,878",2021/5/11,3.0,3.09,2.8,27.5,25.0,2021/9/27,2021/9/30,2021/3/28,2021/3/31,6,7
3402,繊維,東レ,"2,204,858","156,464","95,915",59.97,"2,388,848","141,469","79,373",49.61,"2,091,166","114,700","93,843",52.65,"1,883,600","55,879","47,339",28.61,0,,383.01,,3.08,7.5,41.4,30.4,"238,262","△142,875","△73,795",23.2,,409.73,,1.61,3.89,43.0,31.5,"211,591","△97,872","△69,403",2021/5/13,3.0,2.16,1.6,8.0,4.5,2021/9/27,2021/9/30,2021/3/28,2021/3/31,2,3
3863,パルプ・紙,日本紙,"1,046,499","17,613","7,847",67.8,"1,068,703","19,615","△35,220",△304.34,"1,043,912","35,048","14,212",122.89,"1,007,339","19,233","3,196",27.67,75.1,,"2,429.85",,1.04,3.74,26.2,32.6,"67,036","△70,113","△7,397",88.34,,"2,593.15",,0.21,0.81,25.1,144.5,"84,197","△182,945","113,696",2021/5/14,3.0,2.14,2.9,0.0,30.0,2021/9/27,2021/9/30,2021/3/28,2021/3/31,5,6
3861,パルプ・紙,王子HD,"1,485,895","70,781","36,222",36.64,"1,550,991","110,212","51,977",52.52,"1,507,607","106,625","58,181",58.78,"1,358,985","84,793","49,635",50.13,14.83,,367.29,,3.09,8.5,35.9,191.6,"124,491","△64,801","△58,148",35.45,,395.65,,2.5,6.88,35.9,41,"127,107","△91,559","19,932",2021/5/13,3.0,2.42,2.54,7.0,7.0,2021/9/27,2021/9/30,2021/3/28,2021/3/31,7,4
4452,化学,花王,"1,489,421","204,791","148,607",298.3,1508007,207703,155331,314.25,"1,502,241","211,723","150,349",306.7,"1,381,997","175,563","128,067",262.29,306.7,,1870.4,,8.96,17.64,51.9,42.4,"244,523","△94,266","△126,166",262.29,,2013.72,,7.57,14.16,55.5,53.4,"214,718","△61,941","△87,065",2021/2/3,12.0,1.68,2.1,72.0,72.0,2021/6/27,2021/6/30,2021/12/28,2021/12/31,7,8
4901,化学,富士フイルム,"2,433,365","123,329","140,694",322.62,"2,431,489","209,827","138,106",326.81,2315141,181570,124987,306.18,2192519,165473,181205,453.28,623.32,,3121.02,,3.76,6.26,67.1,31,255677,△244850,△250943,65.62,,3121.03,,5.11,8.72,70.7,22.1,420861,△279381,△163093,2021/5/12,3.0,1.85,1.84,55.0,52.5,2021/9/27,2021/9/30,2021/3/28,2021/3/31,1,10
6988,化学,日東電,"857,376","125,722","87,463",538.99,"806,495","92,777","66,616",423.5,"741,018","69,733","47,224",301.32,"761,321","93,809","70,308",472.71,294.52,,"3,015.27",,5.12,6.79,68.3,66.4,"123,641","△59,991","△51,637",349.01,,"3,066.03",,7.27,10,66.6,42.3,"116,309","△57,538","△68,297",2021/4/26,3.0,3.61,2.73,110.0,100.0,2021/9/27,2021/9/30,2021/3/28,2021/3/31,3,8
4911,化学,資生堂,"1,005,062","80,437","22,749",56.95,"1,094,825","108,350","61,403",153.74,"1,131,547","113,831","73,562",184.18,"920,888","14,963","△11,660",△29.19,246.63,,"1,067.94",,6.04,15.57,54.0,32.6,"75,562","△202,823","113,678",84.78,,"1,102.40",,△0.97,△2.38,53.8,△137.03,"64,045","△70,084","46,880",2021/2/9,12.0,0.59,0.66,20.0,30.0,2021/6/27,2021/6/30,2021/12/28,2021/12/31,3,10
4208,化学,UBE,"695,574","50,250","31,680",301.65,"730,157","44,551","32,499",312.36,"667,892","34,033","22,976",227.33,"613,889","25,902","22,936",226.79,168.16,,"1,756.68",,3.16,6.94,38.0,39.6,"68,489","△40,632",△18931,132.24,,"1,817.64",,2.98,6.63,37.0,39.7,"66,054","△39,433","10,852",2021/5/12,3.0,4.1,4.7,45.0,45.0,2021/9/27,2021/9/30,2021/3/28,2021/3/31,3,6
4061,化学,デンカ,"395,629","33,652","23,035",261.8,"413,128","34,228","25,046",286.18,"380,803","31,587","22,703",262.62,"354,391","34,729","22,785",264.24,183.01,,"2,033.37",,4.53,9.13,44.8,47.6,"41,954","△36,303","9,544",614.66,,"2,581.88",,4.33,8.79,49.4,47.3,"40,610","△36,976","△6,706",2021/5/12,3.0,4.09,3.79,70.0,65.0,2021/9/27,2021/9/30,2021/3/28,2021/3/31,7,4
3407,化学,旭化成,"2,042,216","198,475","170,248",121.93,"2,170,403","209,587","147,512",105.66,"2,151,646","177,264","103,931",74.85,"2,106,051","171,808","79,768",57.49,41.68,,536.36,,3.68,7.58,38.8,45.4,"124,460","△318,156","221,923",48.8,,569.58,,2.73,5.64,34.5,59.1,"253,676","△157,751","△95,869",2021/5/13,3.0,3.09,3.52,17.0,17.0,2021/9/27,2021/9/30,2021/3/28,2021/3/31,8,8
3405,化学,クラレ,"518,442",76351,"54,459",154.85,"602,996","65,794","33,560",96.05,"575,807","54,173","△1,956",△5.66,"541,797","44,341","2,570",7.48,69.42,,"1,125.84",,△0.20,△0.36,49.0,△742.04,"95,577","△89,369","△1,517",45.84,,"1,125.74",,0.24,0.5,40.9,535.1,"79,947","△64,025","91,508",2021/2/10,12.0,3.55,3.61,20.0,20.0,2021/6/27,2021/6/30,2021/12/28,2021/12/31,7,10
4042,化学,東ソー,"822,857","130,580","88,795",273.49,"861,456","105,739","78,133",240.62,"786,083","81,658","55,550",171.03,"732,850","87,819","63,276",197.89,140.87,,"1,399.04",,6.27,10.02,76.5,32.7,"99,923","△70,335","△23,964",161.35,,"1,526.43",,6.44,10.7,73.3,30.3,"95,106","△46,352","1,585",2021/5/11,3.0,3.66,3.64,30.0,32.0,2021/9/27,2021/9/30,2021/3/28,2021/3/31,2,10
4631,化学,DIC,789427,"56,483","38,603",407.56,"805,498","48,385","32,028",338.4,"768,568","41,332","23,500",248.29,"701,223","39,663","13,233",139.81,186.62,,"3,147.97",,2.93,7.68,43.3,40.3,"50,637","△24,884","△26,799",73.22,,"3,170.49",,1.62,4.19,43.4,71.5,"54,462","△33,037","6,338",2021/2/19,12.0,3.79,3.43,50.0,50.0,2021/6/27,2021/6/30,2021/12/28,2021/12/31,9,6
4005,化学,住友化,"2,190,509","250,923","178,158",81.81,"2,318,572","182,972","152,466",72.17,"2,225,804","137,517","54,399",18.91,"2,286,978","137,115","68,074",28.16,13.94,,193,,0.85,3.22,20.0,89.9,"106,012",△499670,373542,25.52,,211.77,,1.15,4.74,20.0,53.3,"374,464",△177389,△39974,2021/5/13,3.0,3.55,3.83,10.0,9.0,2021/9/27,2021/9/30,2021/3/28,2021/3/31,8,10
4188,化学,三菱ケミG,"3,724,406","355,711","276,362",147.14,"3,923,444","297,950","216,729",119.22,"3,580,510","144,285","86,560",38.08,"3,257,535","47,518","22,722",△5.32,38.08,,963.18,,1.05,4.24,22.8,84,"452,003","△87,563","△450,523",△5.32,,1043.05,,△0.14,△0.63,23.4,△451.12,"467,133","△217,010","△142,773",2021/5/12,3.0,4.14,3.67,15.0,12.0,2021/9/27,2021/9/30,2021/3/28,2021/3/31,10,9
4021,化学,日産化,"193,389","34,988","27,142",180.3,"204,896","37,091","29,372",197.67,206837,"38,647","30,779",210.09,"209,121","42,530","33,470",232,210.09,,"1,264",,12.34,16.9,73.7,42.8,"35,550",△15624,△25186,231.73,,1384.13,,12.61,17.49,74.9,44.9,"39,939",△12854,△25629,2021/5/14,3.0,1.95,1.88,50.0,58.0,2021/9/27,2021/9/30,2021/3/28,2021/3/31,4,5
4004,化学,レゾナック,"780,387","77,708","37,404",262.44,"992,136","180,003","111,503",758.15,"906,454","120,798","73,088",501.03,"973,700","△19,449","△76,304",△523.06,320.9,,"2,341.45",,6.79,15.46,43.1,25.9,"78,554","△48,156","△18,546",186.28,,"2,421.50",,△3.46,△16.86,33.1,△12.42,"109,286","△930,047","896,521",2021/2/17,12.0,2.86,2.21,0.0,65.0,2021/6/27,2021/6/30,2021/12/28,2021/12/31,6,6
4043,化学,トクヤマ,"308,061","41,268","19,698",259.81,"324,661","35,262","34,279",493.26,"316,096","34,281","19,937",287.05,"302,407","30,921","24,534",351.11,214.66,,"1,794.94",,5.2,12.4,41.8,24.4,"52,364","△20,548","△18,348",322.2,,"2,097.44",,6.34,13.35,47.9,19.9,"43,314","△19,276","△22,530",2021/4/28,3.0,2.65,2.8,35.0,35.0,2021/9/27,2021/9/30,2021/3/28,2021/3/31,8,9
4183,化学,三井化学,"1,328,526","103,491","71,585",358.38,"1,482,909","93,427","76,115",385.6,"1,349,522","64,569","42,619",174.52,"1,211,725","78,074","64,219",298,126.21,,"1,863.42",,2.22,6.28,32.4,57.3,"142,232","△109,112","△6,365",247.52,,"2,007.65",,3.71,10.18,35.5,33.6,"174,323","△77,555","△68,956",2021/5/13,3.0,3.96,3.75,55.0,50.0,2021/9/27,2021/9/30,2021/3/28,2021/3/31,2,4
4063,化学,信越化,1441432,336822,266235,624.28,1594046,403705,309125,725.99,1453525,406041,314027,755.17,1496906,392213,293732,706.76,317.04,,1972.36,,9.72,12.27,70.9,29.1,412384,△394547,△94055,286.12,,2055.94,,8.69,10.75,71.2,35.4,401176,△250179,△91123,2021/4/28,3.0,1.98,1.69,150.0,140.0,2021/9/27,2021/9/30,2021/3/28,2021/3/31,7,10
4502,医療品,武田,"1,770,531","241,789","186,708",239.35,"2,097,224","204,969","109,014",113.5,"3,291,188","100,408","44,290",28.41,"3,197,812","509,269","376,171",240.72,83.88,,"2,919.21",,0.35,0.89,44.2,633.6,"669,752","292,119","△1,005,213",158.45,,"2,835.81",,2.91,7.6,40.8,74.8,"1,010,931","393,530","△1,088,354",2021/5/11,3.0,4.53,4.73,90.0,90.0,2021/9/27,2021/9/30,2021/3/28,2021/3/31,8,10
4568,医療品,第一三共,"960,195","76,282","59,811",91.31,"929,717","83,705","93,422",144.2,"981,793","138,800","128,967",66.4,"962,516","63,795","75,830",39.17,57.3,,516.35,,6.13,10.1,60.6,35.1,"196,601","81,673","△91,637",41.77,,494.07,,3.64,5.89,59.6,68.9,"192,207","△39,246","△202,433",2021/4/27,3.0,1.06,0.86,13.5,13.5,2021/9/27,2021/9/30,2021/3/28,2021/3/31,7,5
4578,医療品,大塚HD,"1,239,952","104,181","114,387",207.6,"1,291,981","108,304","85,395",152.24,"1,396,240","176,585","131,187",234.55,"1,422,826","198,582","151,733",273.15,234.55,,3218.58,,4.93,7.33,68.4,42.6,"192,634","△52,279","△89,267",273.15,,3376.32,,5.64,8.19,70.5,36.6,"232,839","△99,863","△104,932",2021/2/12,12.0,2.25,2.21,50.0,50.0,2021/6/27,2021/6/30,2021/12/28,2021/12/31,4,1
4519,医療品,中外薬,"534,199","98,934","73,541",133.04,"579,787","124,323","93,079",169.08,"686,184","210,597","157,560",95.95,"786,946","301,230","214,733",130.66,95.95,,508.6,,14.48,19.57,80.6,48.6,"206,641","△81,741","△66,872",130.66,,583.66,,17.38,23.42,79.3,42.1,"205,035","△98,312","△99,497",2021/2/4,12.0,1.2,1.74,30.0,46.0,2021/6/27,2021/6/30,2021/12/28,2021/12/31,10,6
4507,医療品,塩野義,"344,667","115,219","108,866",342.71,"363,721","138,537","132,759",424.31,"333,371","130,628","122,194",395.71,"297,177","117,438","112,061",365.03,287.05,,"1,744.81",,13.99,17.06,91.3,26,"131,940","△29,144","△88,174",105.02,,"1,778.50",,11.2,13.88,86.9,29.6,"109,039","△5,261","△43,891",2021/5/10,3.0,1.66,1.84,55.0,55.0,2021/9/27,2021/9/30,2021/3/28,2021/3/31,8,3
4151,医療品,協和キリン,"353,380","57,731","42,899",78.38,"346,531","58,694","54,414",99.4,"305,820",59353,"67,084",124.57,"318,352","59,955","47,027",87.56,169.85,,"1,021.09",,8.55,10.1,88.7,33.7,"53,655",△933,"△47,371",58.18,,"1,033.43",,5.87,6.83,80.7,50.3,"39,502","252,559","△26,003",2021/2/4,12.0,1.63,1.33,23.0,23.0,2021/6/27,2021/6/30,2021/12/28,2021/12/31,4,4
4503,医療品,アステラス,"1,300,316","213,258","164,679",81.11,"1,306,348","243,912","222,265",115.05,"1,300,843","243,991","195,411",104.15,"1,249,528","136,051","120,589",64.93,128.26,,361.08,,8.44,15.34,50.4,38.4,"221,998","△389,793","181,055",103.95,,424.69,,5.3,9.02,58.3,64.7,"306,843","△81,894","△229,479",2021/4/27,3.0,2.42,2.49,25.0,21.0,2021/9/27,2021/9/30,2021/3/28,2021/3/31,4,7
4506,医療品,住友ファーマ,466838,88173,53448,134.53,459267,57884,48267,122.39,482732,83239,35918,102.58,515952,71224,36829,141.5,253.64,,1754.77,,3.24,7.91,64.9,27.3,46128,△312684,231081,293.23,,2039.25,,4.3,10.1,69.1,19.8,135601,8875,△57215,2021/5/12,3.0,1.41,1.89,14.0,14.0,2021/9/27,2021/9/30,2021/3/28,2021/3/31,5,8
4523,医療品,エーザイ,"600,054","77,212","54,424",181.18,"642,834","86,154","66,484",221.34,"695,621","125,502","122,467",425.01,"645,942","51,766","42,483",146.95,412.3,,"1,898.56",,11.46,18.64,69.8,37.6,"102,782","△27,625","△103,528",25.22,,"1,772.24",,3.85,6.08,67.9,108.9,"73,853","△36,873","△55,908",2021/5/12,3.0,2.33,1.95,80.0,80.0,2021/9/27,2021/9/30,2021/3/28,2021/3/31,5,3
5019,石油,出光興産,"3,730,690","201,323","162,307",845.17,"4,425,144","179,319","81,450",401.63,"6,045,850","△3,860","△22,935",△76.31,"4,556,620","140,062","34,920",117.47,△188.92,,"2,964.53",,△0.59,△2.30,27.5,△209.67,"△32,712","△134,463","157,907",325.48,,"3,167.66",,0.88,3.04,29.1,102.2,"170,466","△109,851","△56,227",2021/5/11,3.0,5.27,4.99,60.0,60.0,2021/9/27,2021/9/30,2021/3/28,2021/3/31,2,1
5020,石油,ENEOS,"10,301,072","487,546","361,922",105.92,"11,129,630","537,083","322,319",95.36,"10,011,774","△113,061","△187,946",△57.86,"7,658,011","254,175","113,998",35.48,16.84,,544.12,,△2.35,△7.47,43.9,△38.02,"510,734","△371,346","△119,808",7.61,,536.49,,1.41,4.92,45.3,62,"679,094","△306,791","△355,081",2021/5/12,3.0,4.49,5.46,11.0,11.0,2021/9/27,2021/9/30,2021/3/28,2021/3/31,4,1
5101,ゴム,横浜ゴム,"646,272","54,224","39,975",249.32,"650,239","53,478","35,623",222.12,"650,462","58,564","41,971",261.61,"570,572","36,409","26,312",164.09,220.48,,"1,833.91",,4.62,10.59,48.0,24.5,"75,374","△43,638","△35,512",181.4,,"1,992.17",,3.06,6.31,52.3,39,"78,294","△27,865","△46,553",2021/2/19,12.0,4.02,3.25,32.0,33.0,2021/6/27,2021/6/30,2021/12/28,2021/12/31,1,5
5108,ゴム,ブリヂストン,3643427,419047,288275,375.67,3650111,402732,291642,387.95,3507243,349336,240111,332.31,2994524,64114,△109099,△33.09,117.76,,1859.05,,5.61,10.16,66.2,48.1,505029,△261875,△240458,311,,1833.4,,△0.56,△1.04,61.6,△332.42,526947,△155378,18077,2021/2/16,12.0,3.14,3.59,85.0,85.0,2021/6/27,2021/6/30,2021/12/28,2021/12/31,7,6
5201,窯業,AGC,"1,463,532","119,646","79,297",302.12,"1,522,904","120,555","101,991",399.51,"1,518,039","101,624","55,515",200.85,"1,412,306","75,780","41,164",147.84,806.73,,"3,388.75",,1.9,3.87,54.7,59.7,"191,906","△182,636","△17,284",△179.61,,"3,068.94",,1.29,2.88,46.8,81.2,"225,392","△230,248","128,443",2021/2/5,12.0,3.76,4.27,80.0,130.0,2021/6/27,2021/6/30,2021/12/28,2021/12/31,2,1
5233,窯業,太平洋セメ,"871,113","65,129","38,525",311.4,"916,071","66,012","43,452",351.72,"884,350","61,008","39,151",319.89,"863,903","63,610","46,800",387.79,125.08,,"2,298.79",,3.79,9.2,48.8,18.8,"90,902","△65,534","△29,436",153.18,,"2,415.69",,4.48,10.31,49.6,15.5,"110,403","△47,809","△43,952",2021/5/13,3.0,1.95,2.32,35.0,30.0,2021/9/27,2021/9/30,2021/3/28,2021/3/31,2,6
5333,窯業,ガイシ,"451,125","70,026","45,814",142.42,"463,504","64,705","35,506",110.35,441956,55000,27135,84.73,"452,043","50,823","38,496",121.61,62.87,,909.21,,3.26,5.8,53.4,59,"53,200","△60,830","△18,796",61.02,,960.27,,4.24,7.93,52.5,24.7,"85,641","△51,724","12,250",2021/4/28,3.0,3.03,1.86,30.0,20.0,2021/9/27,2021/9/30,2021/3/28,2021/3/31,8,10
5214,窯業,日電硝,"282,447","32,201","27,184",273.29,"300,326","24,865","15,199",154.26,"257,511","16,258","△33,669",△348.50,"242,886","17,660","15,252",157.84,△491.43,,"4,366.33",,△5.06,△6.81,73.2,△28.69,"21,637","△14,316","△21,976",145.79,,"4,389.27",,2.32,3.23,72.4,63.4,"47,861","△19,759","△7,739",2021/2/2,12.0,5.25,4.21,50.0,60.0,2021/6/27,2021/6/30,2021/12/28,2021/12/31,2,3
5202,窯業,板硝子,"598,897","35,632","7,907",48.27,"612,789","36,855","14,378",115.16,"556,178","21,177","△17,518",△235.96,"499,224","13,067","△16,316",△208.32,△56.99,,"3,095.73",,△2.47,△19.18,46.4,0,"30,444","△56,888","18,205",△23.81,,"3,087.67",,△2.05,△24.80,45.6,0,"21,053","△25,589","13,537",2021/5/13,3.0,0.0,0.0,0.0,0.0,2021/9/27,2021/9/30,2021/3/28,2021/3/31,10,1
5232,窯業,住友大阪,"244,826","18,990","14,659",361.2,"251,061","14,178","7,799",199.15,"245,159","16,128","10,922",283.21,"239,274","16,631","11,719",304.56,211.51,,"4,220.09",,3.4,5.62,59.6,42.4,"32,305","△18,815","△12,959",236.61,,"4,403.02",,3.55,5.85,59.0,39.4,"32,797","△18,884","△10,869",2021/5/13,3.0,2.71,3.45,60.0,60.0,2021/9/27,2021/9/30,2021/3/28,2021/3/31,8,5
5301,窯業,東海カーボン,"106,252","11,093","12,346",57.92,"231,302","75,284","73,998",347.16,"262,028","54,344","31,994",150.1,"201,542","7,858","1,019",4.78,124.38,,594.41,,6.91,16.04,41.6,32,"41,664","△99,159","64,568",20.4,,568.89,,0.22,0.49,39.7,627,"55,022","△44,301",927,2021/2/9,12.0,2.9,1.97,15.0,15.0,2021/6/27,2021/6/30,2021/12/28,2021/12/31,4,4
5332,窯業,TOTO,"592,301","52,602","36,798",217.5,"586,086","40,167","32,380",191.26,"596,497","36,760","23,583",139.26,"580,935","41,351","27,199",160.55,139.26,,"1,973.42",,4.04,7.01,57.2,64.6,"63,843","△36,705","△20,878",160.55,,"2,163.84",,4.18,7.7,56.6,43.6,"59,551","△42,622","22,702",2021/4/28,3.0,2.08,1.37,45.0,40.0,2021/9/27,2021/9/30,2021/3/28,2021/3/31,6,3
5411,鉄鋼,JFE,"3,627,248","218,378","103,153",169.34,"3,873,662","232,070","169,825",283.81,"3,729,717","37,899","△193,290",△343.39,"3,227,285","△12,911","△19,063",△37.98,△343.39,,2777.41,,△4.26,△11.13,35.0,△5.82,"261,070","△358,378","103,900",△37.98,,2864.65,,△0.47,△1.32,36.1,△26.32,"247,274","△164,221","△30,092",2021/5/7,3.0,1.43,1.12,60.0,10.0,2021/9/27,2021/9/30,2021/3/28,2021/3/31,10,7
5406,鉄鋼,神戸鋼,"1,881,158","88,913","63,188",174.43,"1,971,869","48,282","35,940",99.2,"1,869,835","9,863","△68,008",△187.55,"1,705,566","30,398","23,234",64.05,△187.55,,"1,811.10",,△2.82,△9.74,27.2,,27040,"△218,986","140,589",64.05,,"1,958.57",,0.9,3.4,27.5,15.6,198794,△141853,"118,444",2021/5/11,3.0,0.0,2.12,10.0,10.0,2021/9/27,2021/9/30,2021/3/28,2021/3/31,8,5
5401,鉄鋼,日本製鉄,"5,712,965","288,700","212,210",204.87,"6,177,947","265,111","257,579",281.77,"5,921,525","△406,119","△426,120",△468.74,"4,829,272","11,381","△19,327",△35.22,△494.18,,"1,568.77",,△5.80,△14.70,28.9,,"494,330","△345,627","△14,582",△45.66,,"1,591.76",,△0.43,△1.20,27.9,,"403,185","△389,035","52,694",2022/5/10,3.0,0.61,0.84,70.0,10.0,2021/9/27,2021/9/30,2021/3/28,2021/3/31,4,10
5541,鉄鋼,大平洋金属,"41,210","△3,239",△810,△41.56,"49,062",176,"3,693",189.37,"44,133","△1,879",625,32.06,"32,217",△493,"1,162",59.61,39.75,,"2,597.99",,0.89,0.98,90.0,78,"△4,720",△394,"△1,072",54.56,,"2,767.66",,1.54,1.79,87.2,33.6,"5,829","△1,781",△102,2021/5/11,3.0,1.1,1.07,20.0,20.0,2021/9/27,2021/9/30,2021/3/28,2021/3/31,10,7
5801,日鉄金属製品,古河電,"967,333","44,804","28,547",405.05,"991,590","40,842","29,108",412.98,914439,23565,17639,250.25,"811,600","8,429","10,001",141.88,257.82,,"2,381.45",,2.22,7.23,35.4,34,"41,942","△33,119",△171,345.1,,"2,695.56",,1.2,4,33.3,42.3,△479,"△1,908","35,140",2021/5/12,3.0,3.09,2.3,0.0,60.0,2021/9/27,2021/9/30,2021/3/28,2021/3/31,3,6
5802,日鉄金属製品,住友電,3082248,173139,120328,154.29,3177985,166260,118063,151.38,"3,107,027","127,216","72,720",93.24,"2,918,580","113,926","56,344",72.25,54.41,,989.69,,2.35,4.74,58.0,42.9,"264,608","△178,020","△1,277",12.25,,977.44,,1.67,3.58,55.4,44.3,"169,656","△163,430","△13,099",2021/5/13,3.0,2.82,2.44,25.0,16.0,2021/9/27,2021/9/30,2021/3/28,2021/3/31,3,7
5714,日鉄金属製品,DOWA,"454,754","30,948","24,693",417.21,"452,928","18,671","14,986",253.22,"485,130","25,955","17,395",293.92,"588,003","37,454","21,824",368.45,113.27,,"1,909.40",,3.39,7.17,41.9,30.6,"55,113","△37,812","△6,569",11.4,,"1,888.01",,3.65,8.5,38.6,25.8,"△3,088","△22,943","11,585",2021/5/14,3.0,2.47,2.7,0.0,95.0,2021/9/27,2021/9/30,2021/3/28,2021/3/31,6,9
5803,日鉄金属製品,フジクラ,"740,052","34,343","18,359",64.36,"710,778","27,679","1,453",5.09,672314,3346,△38510,△136.58,643736,24422,△5369,△19.50,△48.02,,257.23,,△6.68,△20.89,22.0,△3.66,46416,△39438,1724,△35.15,,219.6,,△0.94,△3.41,18.8,0,62587,△7149,△26532,2021/5/14,3.0,0.0,0.0,0.0,0.0,2021/9/27,2021/9/30,2021/3/28,2021/3/31,2,4
5711,日鉄金属製品,三菱マ,"1,599,533","72,819","34,595",264.15,"1,662,990","36,861","1,298",9.92,1516100,37952,△72850,△556.34,1485121,26567,24407,186.71,△381.29,,2892.05,,△3.83,△12.78,29.5,△14.37,67545,△66898,28873,162.64,,3161.73,,1.2,4.64,27.7,26.8,78442,△101763,41514,2021/5/14,3.0,2.81,2.22,40.0,50.0,2021/9/27,2021/9/30,2021/3/28,2021/3/31,2,2
5713,日鉄金属製品,住友鉱,"929,746","108,286","94,902",327.26,"912,208","89,371","67,241",243.06,"851,946","79,035","60,752",220.54,"926,122","123,379","98,709",344.29,320.03,,"2,572.16",,3.52,5.91,64.0,35.4,"136,545","△70,334","9,149",195.44,,"2,929.41",,5.02,8.94,61.9,35.1,"91,522","△32,393","△55,758",2021/5/10,3.0,2.46,3.27,113.0,99.0,2021/9/27,2021/9/30,2021/3/28,2021/3/31,6,6
5706,日鉄金属製品,三井金,"519,215","49,529",△708,△12.40,"497,701","18,222","4,691",82.15,"473,109","13,037","1,566",27.43,"522,936","51,124","44,771",784.01,△57.19,,"2,532.82",,0.29,0.94,33.4,255.2,"36,107","△34,833","11,232",△276.62,,"2,217.75",,7.52,24.6,29.1,10.8,"27,565","△16,324","△15,240",2021/5/11,3.0,2.7,2.98,0.0,85.0,2021/9/27,2021/9/30,2021/3/28,2021/3/31,1,1
3436,日鉄金属製品,SUMCO,"260,627","42,085","27,016",92.12,"325,059","85,165","58,580",199.74,"299,460","50,636","33,112",112.9,"291,333","37,897","25,505",87.48,143.08,,875.27,,5.72,11.28,50.4,31,"77,664","△61,184","△24,825",93.14,,935.45,,4.3,8.26,52.2,30.9,"84,188","△55,193","△16,236",2021/2/9,12.0,1.62,1.66,17.0,24.0,2021/6/27,2021/6/30,2021/12/28,2021/12/31,10,4
6326,機械,クボタ,"1,751,038","199,952","143,299",108.45,"1,850,316","189,314","150,145",112.44,"1,920,042","201,654","159,091",121.59,"1,853,234","175,284","141,400",105.85,47.51,,510.16,,4.75,10.71,53.4,29.6,"82,410","△91,470","△21,515",56.84,,504.64,,4.03,8.81,49.2,34,"142,919","△47,133","△68,354",2021/2/15,12.0,2.11,1.74,21.0,21.0,2021/6/27,2021/6/30,2021/12/28,2021/12/31,2,5
6103,機械,オークマ,182130,22493,14226,443.85,211732,27575,18521,578.55,172094,14995,10712,339.3,123394,4820,2088,66.15,279.25,,4136.66,,5.05,6.58,82.0,38.3,10041,△15539,△8219,26.01,,4238.94,,0.94,1.24,79.9,52.9,18962,△5872,△4072,2021/4/27,3.0,2.34,0.67,35.0,20.0,2021/9/27,2021/9/30,2021/3/28,2021/3/31,3,10
6302,機械,住友重,"791,025","69,921","34,660",282.83,"903,051","75,244","45,650",372.56,864490,56806,32807,267.77,"849,065","51,342","26,764",218.46,102.5,,"1,251.97",,3.29,7.15,28.3,34,"36,263","△57,752","35,964",282.83,,"1,506.05",,2.6,5.6,32.9,29.8,"64,131","△43,729","△7,959",2021/5/10,3.0,2.85,2.58,35.0,56.0,2021/9/27,2021/9/30,2021/3/28,2021/3/31,8,8
6305,機械,日立建機,"959,153","93,582","69,222",282.16,"1,033,703","116,841","74,186",322.31,"931,347","76,618","44,768",193.61,"813,331","32,710","14,627",48.62,159.1,,"1,388.33",,3.53,8.58,48.5,31,"22,682","△34,749","10,993",57.1,,"1,415.42",,0.85,2.09,49.3,41.1,"91,339","△32,281","△46,011",2021/4/27,3.0,2.18,0.64,45.0,10.0,2021/9/27,2021/9/30,2021/3/28,2021/3/31,4,3
6473,機械,ジェイテクト,"1,441,170","81,391","49,697",144.9,"1,520,893","66,608","24,663",71.91,"1,418,896","37,557","△1,054",△11.06,"1,246,286","15,912","3,221",2.33,△60.87,,898,,△0.30,△0.73,38.8,,"62,312","△91,771","34,239",47.42,,999.54,,0.06,0.15,42.2,685.2,"91,757","△52,515","△57,957",2021/4/28,3.0,3.06,1.81,8.0,8.0,2021/9/27,2021/9/30,2021/3/28,2021/3/31,10,2
6471,機械,日本精工,"1,020,338","97,875","73,160",131.16,"991,365","79,279","58,738",107.46,"831,034","23,604","18,108",34,"747,559","6,364",△748,0.69,41.49,,490.93,,1.69,3.34,37.8,88.2,"72,387","△39,784","△21,333",31.54,,533.22,,0.03,0.07,38.1,"2,885.80","53,842","△51,096","29,992",2021/5/11,3.0,3.15,2.29,10.0,10.0,2021/9/27,2021/9/30,2021/3/28,2021/3/31,5,2
5631,機械,日製鋼,"211,700","20,578","10,712",145.77,"220,153","24,290","19,966",271.69,"217,527","18,709","9,310",126.66,"198,041","10,226","6,893",93.76,89.71,,"1,447.49",,3.13,7.18,42.0,35.5,"18,959","△13,172","△6,164",133.5,,"1,597.57",,2.18,5.08,46.1,37.3,"14,712","△3,243","2,767",2021/5/10,3.0,2.32,1.65,22.5,17.5,2021/9/27,2021/9/30,2021/3/28,2021/3/31,7,10
6113,機械,アマダ,"301,732","39,723","27,435",74.07,"338,175","45,316","33,777",91.82,"320,112","34,682","23,642",65.91,"250,448","26,705","18,737",53.4,51.62,,883.73,,4.19,5.36,82.3,72.8,"32,455","△20,944","△18,929",161.06,,"1,016.13",,3.33,4.23,86.3,56.2,"57,579","△8,727","△22,896",2021/5/12,3.0,4.14,2.93,17.0,15.0,2021/9/27,2021/9/30,2021/3/28,2021/3/31,2,5
6367,機械,ダイキン,"2,290,560","253,739","189,051",646.53,"2,481,109","276,254","189,048",646.39,"2,550,305","265,513","170,731",583.61,"2,493,386","238,623","156,249",533.97,487.16,,"2,876.43",,6.4,11.98,59.2,27.4,"302,166","△156,187","△169,933",299.77,,"3,151.01",,4.82,10.08,54.8,30,"374,691","△159,666","98,942",2021/5/11,3.0,1.11,0.81,90.0,80.0,2021/9/27,2021/9/30,2021/3/28,2021/3/31,6,2
6472,機械,NTN,"744,372","39,608","20,373",38.36,"733,569","26,945","△6,958",△13.10,"651,956","7,517","△43,992",△82.83,"562,847","△3,138","△11,641",△21.92,△33.01,,261.97,,△5.81,△22.78,24.4,△6.03,"43,749","△61,807","7,413",△17.66,,250.74,,△1.39,△7.13,21.2,0,"36,473","△17,938","54,671",2021/5/14,3.0,0.0,0.0,0.0,0.0,2021/9/27,2021/9/30,2021/3/28,2021/3/31,9,8
7004,機械,日立造,"376,437","5,907","2,171",12.88,"378,140","7,358","5,445",32.31,"402,450","13,891","2,197",13.04,"408,592","15,396","4,258",25.26,13.04,,700.15,,0.54,1.85,28.8,92,"32,808","6,179","△31,364",25.26,,749.58,,0.99,3.49,29.4,47.5,"22,781","△13,949","△5,271",2021/5/13,3.0,3.17,2.46,0.0,12.0,2021/9/27,2021/9/30,2021/3/28,2021/3/31,9,5
6301,機械,コマツ,"2,501,107","268,503","196,410",208.25,"2,725,243","397,806","256,491",271.81,"2,444,870","250,707","153,844",162.93,"2,189,512","167,328","106,237",112.43,61.73,,876.06,,4.21,8.58,61.0,57.7,"295,181","△190,930","△3,457",23.14,,842.84,,2.81,5.77,59.8,48.9,"354,129","△163,057","△199,667",2021/4/30,3.0,3.83,2.18,40.0,37.0,2021/9/27,2021/9/30,2021/3/28,2021/3/31,7,1
7013,機械,IHI,"1,590,333",72267,8291,53.71,1483442,82488,39889,258.53,"1,263,178",47859,13251,53.93,1112906,27961,16954,88.13,△37.60,,1377.51,,0.74,3.79,17.0,92.7,42484,△85572,96892,107.78,,1681.31,,0.71,4.18,20.9,0,36380,△40482,△23712,2021/5/13,3.0,2.05,0.0,30.0,0.0,2021/9/27,2021/9/30,2021/3/28,2021/3/31,6,10
7011,機械,三菱重,"4,085,679","58,176","16,588",△21.79,"4,078,344","186,724","128,471",301.95,"4,041,376","△29,538","107,284",259.39,"3,699,946","54,081","43,202",120.92,△929.27,,"2,317.24",,1.75,6.63,24.5,57.8,"452,564","△239,566","△204,452",312.23,,"2,715.44",,0.84,3.14,32.3,62,"△94,948","△182,249","221,737",2021/5/10,3.0,3.52,2.72,45.0,75.0,2021/9/27,2021/9/30,2021/3/28,2021/3/31,7,10
6361,機械,荏原,"509,175",32482,18262,179.94,"522,424","35,298","23,349",241.79,"522,424","35,298","23,349",241.79,"523,727","37,879","24,473",256.85,165.46,,"2,666.94",,3.92,8.29,58.2,24.8,"26,720","△24,077","△20,188",244.06,,"2,838.32",,3.76,8.46,59.5,35,"64,234","△29,071","△9,628",2021/2/12,12.0,3.26,3.11,50.0,113.0,2021/6/27,2021/6/30,2021/12/28,2021/12/31,3,9
6273,機械,SMC,591035,192428,136869,2036.33,576948,180203,30631,1943.35,526000,146254,110500,1656.44,552178,153355,121790,1831.98,990.08,,11491.54,,7.95,8.87,89.3,24.1,124610,24923,△49925,3954.33,,14780.89,,7.91,9.27,90.3,27.3,120473,73440,△56009,2021/5/14,3.0,0.9,0.84,300.0,300.0,2021/9/27,2021/9/30,2021/3/28,2021/3/31,6,9
7003,造船,三井E&S,"703,216","△5,224","△10,137",△125.42,"656,504","△59,703","△69,599",△861.09,"786,477","△62,079","△86,210","△1,066.47","663,834","△12,243",134,1.67,△446.59,,204.24,,△10.26,△77.00,4.8,0,"△37,213","84,125","△26,825",201,,407.88,,0.02,0.21,9.9,0,"7,478","21,115","△6,813",2021/5/11,3.0,0.0,0.0,0.0,0.0,2021/9/27,2021/9/30,2021/3/28,2021/3/31,6,4
7012,造船,川重,"1,574,242","55,925","28,915",173.09,"1,594,743","64,023","27,453",164.34,"1,641,335","62,063","18,662",111.72,"1,488,486","△5,305","△19,332",△115.73,64.78,,"1,938.63",,0.95,4,20.1,31.3,"△15,461","△69,401","115,803",△214.24,,"1,722.61",,△0.98,△4.20,17.6,0,"34,601","△37,392","23,093",2021/5/11,3.0,1.48,0.0,20.0,0.0,2021/9/27,2021/9/30,2021/3/28,2021/3/31,4,9
7267,自動車,ホンダ,"15,361,146","833,558","1,128,639",590.79,"15,888,617","726,370","676,286",345.99,"14,931,009","633,637","509,932",260.13,"13,170,519","660,208","695,444",380.75,212.91,,"1,285.77",,2.23,5.6,71.0,43.1,"979,415","△619,481","△87,411",216.24,,"1,430.91",,3,7.69,73.0,28.9,"1,072,379","△796,881","△283,980",2021/5/14,3.0,3.91,3.94,55.0,80.0,2021/9/27,2021/9/30,2021/3/28,2021/3/31,8,1
7205,自動車,日野自,"1,837,982","80,331","51,361",89.52,"1,981,331","86,717","54,908",95.66,"1,815,597","54,859","31,467",54.82,"1,498,442","12,250","△7,489",△13.05,48.54,,718.26,,2.47,5.8,50.7,36.5,"95,176","△67,006","△28,243",4.93,,734.01,,△0.61,△1.37,52.0,△91.95,"108,429","△56,211","△38,408",2021/4/27,3.0,2.12,1.48,10.0,7.0,2021/9/27,2021/9/30,2021/3/28,2021/3/31,9,10
7270,自動車,SUBARU,"3,232,695","379,447","220,354",287.4,3160514,195529,147812,192.78,"3,344,109","210,319","152,591",198.99,"2,830,210","102,468","77,320",99.77,41.6,,"1,345.78",,4.63,8.99,47.9,50.3,"210,134","△25,844","△15,818",△50.38,,"1,247.59",,2.24,4.38,42.9,56.1,"289,376","△272,174","13,966",2021/5/11,3.0,3.64,2.6,28.0,28.0,2021/9/27,2021/9/30,2021/3/28,2021/3/31,10,4
7261,自動車,マツダ,"3,474,024","146,421","112,057",182.93,"3,564,696","83,013","63,476",100.79,"3,430,285","43,603","12,131",19.26,"2,882,066","8,820","△31,651",△50.26,△37.90,,"1,590.25",,0.44,1.02,47.9,181.7,"34,834","△127,578","△24,274",△56.86,,"1,533.24",,△1.08,△2.69,41.8,0,"120,058","△78,862","99,348",2021/5/14,3.0,3.5,0.0,0.0,0.0,2021/9/27,2021/9/30,2021/3/28,2021/3/31,4,7
7211,自動車,三菱自,"2,192,389","98,201","107,619",72.23,"2,514,594","111,815","132,871",89.26,2270276,12788,△25779,△17.32,1455476,△95321,△312317,△209.88,△4.73,,369.39,,△1.33,△3.14,50.3,△57.73,18786,△105712,9624,△183.73,,186.15,,△16.82,△48.78,28.1,0,△41537,△101323,168291,2021/5/11,3.0,2.1,0.0,0.0,0.0,2021/9/27,2021/9/30,2021/3/28,2021/3/31,9,6
7202,自動車,いすゞ,"2,070,359","166,765","105,663",134.17,"2,149,168","176,781","113,444",150.18,"2,079,936","140,582","81,232",110.14,"1,908,150","95,732","42,708",57.91,96.21,,818.89,,3.77,8.63,58.6,34.5,"123,701","△92,659","△25,153",66.81,,891.79,,1.9,4.33,58.9,51.8,"222,918","△93,413","△55,275",2021/5/13,3.0,3.13,3.06,29.0,20.0,2021/9/27,2021/9/30,2021/3/28,2021/3/31,2,10
7269,自動車,スズキ,"3,757,219","374,182","215,730",488.86,"3,871,496","324,365","178,759",395.26,"3,488,433","215,069","134,222",286.36,"3,178,209","194,432","146,421",301.65,166.62,,"1,443.33",,4.02,9.32,38.8,29.7,"171,533","△296,989","80,708",165.67,,"1,577.60",,3.63,9.22,33.7,29.8,"415,439","△232,985","302,633",2021/5/13,3.0,1.83,2.05,45.0,53.0,2021/9/27,2021/9/30,2021/3/28,2021/3/31,2,3
7203,自動車,トヨタ,"29,379,510","2,399,862","2,493,983",842,"30,225,681","2,467,545","1,882,873",650.55,"29,866,547","2,399,232","2,111,125",727.47,"27,214,594","2,197,748","2,282,378",803.23,504.25,,"4,377.19",,3.77,10.19,70.7,30.2,"2,398,496","△2,124,650","362,805",582.8,,"4,797.77",,3.61,10.2,65.5,29.8,"2,727,162","△4,684,175","2,739,174",2021/5/12,3.0,3.07,3.32,120.0,135.0,2021/9/27,2021/9/30,2021/3/28,2021/3/31,10,10
7272,自動車,ヤマハ発,"1,670,090","149,782","101,603",290.93,"1,673,137","140,787","93,366",267.35,"1,664,764","115,364","75,736",216.83,"1,471,298","81,672","53,072",151.89,167.94,,"1,253.64",,4.94,11.12,67.5,41.5,"99,127","△79,662","△36,760",80.27,,"1,284.61",,3.23,7.48,57.6,39.5,"110,487","△43,950","83,668",2021/2/12,12.0,3.52,4.06,50.0,65.0,2021/6/27,2021/6/30,2021/12/28,2021/12/31,9,10
7201,自動車,日産自,"11,951,169","574,760","746,892",190.96,"11,574,247","318,224","319,138",81.59,"9,878,866","△40,469","△671,216",△171.54,"7,862,572","△150,651","△448,697",△114.67,△81.76,,"1,038.95",,△3.95,△14.33,23.9,△5.82,"1,185,854","△708,687","△155,494",△17.32,,"1,007.80",,△2.73,△11.20,24.0,0,"1,322,789","△369,121","△639,692",2021/5/11,3.0,1.46,0.0,0.0,0.0,2021/9/27,2021/9/30,2021/3/28,2021/3/31,6,5
4543,精密機器,テルモ,"587,775","108,552","91,201",129.56,"599,481","106,637","79,287",108.7,"628,897","110,611","85,037",113.96,"613,842","98,386","77,200",102.33,113.96,,1009.63,,6.86,11.73,60.8,24.6,"117,479","△84,714","14,010",102.33,,1145.75,,5.72,9.59,63.4,28.3,"121,485","△85,317","△7,436",2021/5/12,3.0,0.81,0.71,16.0,15.0,2021/9/27,2021/9/30,2021/3/28,2021/3/31,5,1
7741,精密機器,HOYA,"535,612","124,248","99,222",258.46,"565,810","144,657","122,072",321.55,"576,546","147,268","114,587",303.27,"547,921","159,218","125,221",335.77,303.27,,1777.14,,14.11,18.04,79.5,29.7,"163,366","△47,384","△85,468",335.77,,1898.99,,14.7,18.82,80.6,26.8,"151,812","△29,790","△115,673",2021/4/30,3.0,1.0,0.77,45.0,45.0,2021/9/27,2021/9/30,2021/3/28,2021/3/31,8,1
7733,精密機器,オリンパス,"786,497","81,029","57,092",41.71,"793,862","28,281","8,049",5.97,"755,231","92,200","51,655",39.37,"730,544","81,985","12,989",10.05,7.51,,292.24,,5.09,12.73,48.7,25.4,"133,544","△62,430","△19,462",6.64,,271.69,,1.09,3.38,42.3,119.4,"124,122","△118,918","40,800",2021/5/7,3.0,0.67,0.58,0.0,12.0,2021/9/27,2021/9/30,2021/3/28,2021/3/31,8,6
7762,精密機器,シチズン,"320,047","24,920","19,303",60.65,"321,652","22,411","13,369",42,"278,531","6,136","△16,667",△53.07,"206,641","△9,551","△25,173",△80.52,7.79,,423.05,,△4.51,△6.96,56.8,△22.61,"17,347","△15,498","△7,049",△30.46,,399.17,,△6.88,△11.83,53.0,△6.20,"7,489","△7,627","18,336",2021/5/13,3.0,2.23,1.49,9.0,2.5,2021/9/27,2021/9/30,2021/3/28,2021/3/31,4,7
4902,精密機器,コニカミノル,"1,031,256","53,844","32,207",65.17,"1,059,120","62,444","41,729",84.33,"996,101","8,211","△3,086",△6.21,"863,381","△16,266","△14,650",△30.75,24.45,,664.25,,△0.24,△0.57,43.8,△402.57,"30,148","△50,043","△11,910",33.43,,675.54,,△1.17,△2.86,43.3,△81.30,"78,060","△34,330","△13,085",2021/5/14,3.0,3.05,6.34,15.0,15.0,2021/9/27,2021/9/30,2021/3/28,2021/3/31,2,4
7731,精密機器,ニコン,"717,078","56,236","34,835",87.76,"708,660","82,653","66,597",67.86,"591,012","6,751","7,842",19.93,"451,223","△56,241","△34,509",△93.96,△25.03,,748.84,,0.76,1.33,40.5,200.7,"16,419","△21,281","△72,739",165.52,,926.32,,△3.49,△6.40,46.3,△21.28,"4,966","18,024","△4,991",2021/5/13,3.0,2.86,2.38,20.0,10.0,2021/9/27,2021/9/30,2021/3/28,2021/3/31,4,6
7912,その他製造,大日印,"1,412,251","46,372","27,501",90.77,"1,401,505","49,898","△35,668",△118.22,1401894,56274,"69,497",235.18,"1,335,439","49,529","25,088",89.32,101.51,,"1,994.84",,4.04,7.27,41.2,27.2,"93,937","191,057","△41,280",45.02,,"2,302.03",,1.37,2.56,45.6,71.7,"61,681","△56,284","△78,268",2021/5/13,3.0,2.43,2.95,32.0,32.0,2021/9/27,2021/9/30,2021/3/28,2021/3/31,7,9
7911,その他製造,凸版,1452751,52290,42267,131.32,1464755,45743,41060,127.58,1486007,66413,87047,261.06,1466935,58789,81997,237.16,247.41,,2764.53,,4.06,7.41,60.7,23,92134,△35143,△32740,226.93,,3170.92,,3.47,6.54,60.2,16.9,76858,81249,42215,2021/5/12,3.0,3.17,2.47,20.0,20.0,2021/9/27,2021/9/30,2021/3/28,2021/3/31,7,5
7832,その他製造,バンナムHD,"678,312","75,024","54,109",246.29,"732,347","84,045","63,383",288.4,"723,989","78,775","57,665",262.39,"740,903","84,654","48,894",222.58,123.56,,"1,118.04",,9.3,13.13,59.3,50.3,"43,131",△23067,"△35,258",499.42,,"1,639.51",,6.67,10.19,68.1,50.3,"60,483",△29771,"△19,037",2021/5/11,3.0,2.2,1.52,24.0,91.0,2021/9/27,2021/9/30,2021/3/28,2021/3/31,8,7
7951,その他製造,ヤマハ,"432,967","48,833","54,378",291.81,"437,416","56,030","43,753",240.94,"414,227","43,333","34,703",194.71,"372,630","35,039","26,708",151.39,146.53,,"1,346.25",,7.3,10.13,74.0,33.9,"57,162","△21,067","△36,422",107.63,,"1,599.84",,4.77,7.38,74.2,43.6,"58,225","△5,785","△20,602",2021/5/10,3.0,1.24,1.23,33.0,33.0,2021/9/27,2021/9/30,2021/3/28,2021/3/31,2,7
8015,商社,豊田通商,"6,491,035","182,696","150,390",370.08,"6,762,702","215,197","154,753",376.89,"6,694,071","210,370","155,786",385.25,"6,309,303","213,058","156,447",382.56,311.79,,"1,731.80",,2.98,11.33,28.0,28.6,"267,809","△173,910","△53,679",181.81,,"2,075.05",,2.57,10.1,29.5,29.3,"245,055","△102,176","24,073",2021/4/28,3.0,3.17,3.32,70.0,62.0,2021/9/27,2021/9/30,2021/3/28,2021/3/31,7,1
8058,商社,三菱商,"7,567,394","812,722","610,416",353.27,16103763,851813,645784,372.39,"14,779,734","648,864","592,151",348.5,"12,884,521","253,527","132,241",116.86,348.5,,4324.81,,2.97,9.8,29.0,37.9,"849,728","△500,727","△156,629",116.86,,4548.46,,0.93,3.18,30.1,114.7,"1,017,550","△357,297","△691,184",2021/5/7,3.0,4.7,5.3,71.0,67.0,2021/9/27,2021/9/30,2021/3/28,2021/3/31,1,4
8001,商社,伊藤忠,5510059,316933,431720,257.94,11600485,361492,545689,324.07,10982968,399438,559209,335.58,10362628,403414,440883,269.83,166.18,,753.15,,4.59,16.9,36.9,25.3,878133,△248766,△575482,△47.92,,625.04,,3.59,12.72,29.4,32.6,895900,△207296,728767,2021/5/10,3.0,3.79,3.27,47.0,44.0,2021/9/27,2021/9/30,2021/3/28,2021/3/31,4,1
2768,商社,双日,"1,816,459","80,343","61,694",45.44,"1,856,190","94,882","75,219",56.34,"1,754,825","75,528","64,573",48.91,"1,602,485","37,420","29,417",22.51,25.82,,321.2,,2.73,10.16,26.2,34.8,"40,510","△35,669","△12,164",32.89,,350.6,,1.17,4.51,28.0,44.4,"84,972","△35,676","△40,621",2021/4/30,3.0,4.98,4.02,9.0,5.0,2021/9/27,2021/9/30,2021/3/28,2021/3/31,3,4
8002,商社,丸紅,"7,540,337","118,054","216,575",119.43,"7,401,256","173,009","239,284",130.74,"6,827,641","133,875","△190,191",△116.03,"6,332,414","141,553","233,068",127.52,6.02,,356.29,,△3.12,△11.30,19.0,△30.16,"326,981","△209,790","△93,261",49.28,,377.32,,3.22,13.41,18.9,25.9,397069,△116256,△68503,2021/5/6,3.0,4.73,5.29,25.5,22.0,2021/9/27,2021/9/30,2021/3/28,2021/3/31,8,3
8053,商社,住友商,"4,827,323","412,295","333,910",247.13,"5,339,238","404,017","337,787",256.68,"5,299,814","251,922","189,517",137.18,"4,645,05","△94,215","△134,484",△122.42,83.29,,979.47,,2.11,6.45,28.5,58.3,"326,618","△203,417","△57,742",△100.49,,842.21,,△1.89,△6.04,25.2,△57.18,"467,097","△120,107","△466,368",2021/5/7,3.0,4.97,5.26,45.0,35.0,2021/9/27,2021/9/30,2021/3/28,2021/3/31,10,8
8031,商社,三井物,"4,892,149","544,384","441,302",237.67,"6,957,524","584,338","431,763",238.33,"8,484,130","534,320","411,312",226.13,"8,010,235","450,202","350,381",199.28,221.43,,"1,175.02",,3.32,9.69,32.0,35.4,"526,376","△185,230","△204,561",83.07,,"1,339.30",,2.68,8,33.9,42.7,"772,696","△322,474","△486,963",2021/4/30,3.0,4.45,4.64,45.0,45.0,2021/9/27,2021/9/30,2021/3/28,2021/3/31,8,9
8267,小売業,イオン,8390012,210273,24522,29.23,8518215,212256,23637,28.11,"8,604,207","215,530","26,838",31.88,8603910,150586,△71024,△84.06,33.16,,804.41,,0.24,2.49,44.3,112.9,"624,660","△341,492","51,164",8.4,,791.06,,△0.62,△6.98,44.1,△42.82,"396,461","△341,814","24,290",2021/4/9,3.0,1.71,1.33,18.0,18.0,2021/9/27,2021/9/30,2021/3/28,2021/3/31,4,9
3099,小売業,三越伊勢丹,"1,256,386","24,413",△960,△2.47,"1,196,803","29,229","13,480",34.58,"1,119,191","15,679","△11,187",△28.90,"816,009","△20,976","△41,078",△107.96,14.78,,"1,162.61",,△0.91,△2.00,59.5,△41.52,"16,281","△9,965","20,259",11.02,,"1,163.78",,△3.43,△7.87,57.0,△8.33,"1,197","△4,737","29,733",2021/5/12,3.0,1.35,1.42,5.0,6.0,2021/9/27,2021/9/30,2021/3/28,2021/3/31,4,1
8233,小売業,高島屋,"907,805","35,318","23,658",135.39,"912,848","26,661","16,443",94.1,"919,094","25,582","16,028",93.29,"680,899","△13,496","△33,970",△203.74,54.1,,"1,612.56",,1.37,3.65,33.1,25.7,"40,608","△23,434","△23,483",△201.70,,"1,390.78",,△2.95,△8.20,28.7,△11.77,"43,720","△27,034","2,303",2021/4/12,3.0,1.91,2.65,12.0,12.0,2021/9/27,2021/9/30,2021/3/28,2021/3/31,7,2
3086,小売業,Jフロント,"469,915","46,247","8,579",108.92,"459,840","49,546","13,897",104.55,"480,621","40,286","27,948",81.19,"319,079","△24,265","7,487",△100.03,106.8,,"1,256.46",,1.71,5.31,61.9,44.3,"73,358","△49,559","△14,829",28.6,,"1,258.07",,△2.07,△7.09,48.7,△26.99,"56,471","△20,870","58,727",2021/4/13,3.0,2.74,3.24,14.0,18.0,2021/9/27,2021/9/30,2021/3/28,2021/3/31,10,2
8252,小売業,丸井G,"240,469","36,365","20,907",93.18,"251,415","41,184","25,341",115.99,"247,582","41,944","25,396",117.58,"220,832","15,310","2,327",10.86,117.58,,"1,351.57",,2.87,8.84,32.7,42.5,"39,909","△20,315","△25,487",10.86,,"1,353.40",,0.25,0.78,32.2,469.8,"22,193","△16,241","△5,600",2021/5/12,3.0,2.14,2.67,26.0,26.0,2021/9/27,2021/9/30,2021/3/28,2021/3/31,6,8
3382,小売業,セブン&アイ,"6,037,815","391,657","181,150",204.8,"6,791,215","411,596","203,004",229.5,"6,644,359","424,266","218,185",246.95,"5,766,718","366,329","179,262",203.03,63.61,,"1,626.31",,3.64,8.52,80.2,39.9,"576,670","△318,047","△213,204",72.59,,"1,600.21",,2.58,6.8,55.9,48.5,"539,995","△394,127","690,542",2021/4/8,2.0,2.45,2.75,48.0,51.0,2021/8/28,2021/8/31,2021/2/25,2021/2/28,5,2
9983,小売業,ファストリ,"2,130,060","236,212","169,373","1,517.71","2,290,548","257,636","178,046","1,593.20","2,008,846","149,347","90,398",885.15,"2,132,992","249,011","175,684","1,663.12",611.5,,"5,207.74",,8.09,18.05,50.0,54.2,"264,868","△75,981","△183,268","1,716.37",,"6,463.08",,3.75,9.54,60.0,28.9,"428,968","△82,597","△302,985",2021/10/14,8.0,0.8,0.57,240.0,240.0,2021/2/25,2021/2/28,2021/8/28,2021/8/31,6,2
8306,銀行,三菱UFJ,"6,068,061","1,462,418",672689,74.55,"6,697,402","1,348,043","989,664",66.91,"7,299,078","1,235,770","528,151",40.95,"6,025,336","1,053,610","777,018",60.5,40.95,,"1,245.33",,0.16,3.28,4.8,61,"8,060,840","△3,368,444","△251,664",60.5,,"1,308.12",,0.22,4.74,4.7,41.3,"34,904,946","△10,140,343","△436,071",2021/5/17,3.0,4.64,5.43,13.5,12.5,2021/9/27,2021/9/30,2021/3/28,2021/3/31,8,10
7186,銀行,コンコルディ,"327,600","98,022","66,413",52.36,"306,494","80,373","54,285",43.46,306236,71354,46536,38.38,291729,41405,25326,20.99,22.79,,756.12,,0.25,4.13,91.8,41.6,△294594,△73943,△12137,19.4,,759.45,,0.12,2.25,90.0,80.9,2039139,△480586,505,2021/5/12,3.0,3.9,4.6,8.0,9.0,2021/9/27,2021/9/30,2021/3/28,2021/3/31,3,4
8411,銀行,みずほFG,"3,561,125","782,447","576,547",22.72,"3,925,649","614,118","96,566",3.8,"3,986,701","637,877",448568,176.87,"3,218,095","536,306","471,020",185.75,176.87,,"3,372.96",,0.21,5.18,3.9,42.4,"1,901,893","△5,808,537","△281,849",185.75,,"3,650.87",,0.21,5.29,4.1,40.3,16613235,△9763746,40819,2021/5/14,3.0,4.68,5.43,40.0,37.5,2021/9/27,2021/9/30,2021/3/28,2021/3/31,4,4
8308,銀行,りそなHD,"742,927","217,777","236,251",100.51,"860,706","203,018","175,162",75.63,880544,214290,152426,66.27,823600,190960,124481,54.19,66.27,,904.6,,0.25,7.28,3.4,31.7,974556,△278818,△167734,54.19,,1008.82,,0.17,5.66,3.1,38.8,11394771,△1390998,△114365,2021/5/11,3.0,4.68,5.54,10.5,10.5,2021/9/27,2021/9/30,2021/3/28,2021/3/31,5,6
8331,銀行,千葉銀,234096,78484,53796,67.98,"238,616","72,467","50,478",65.3,242982,72617,48037,63.99,"232,940","71,819","49,641",66.82,63.99,,"1,250.41",,0.31,5.11,5.9,28.1,"20,951","△102,947","△22,034",66.82,,"1,401.40",,0.28,5.04,5.8,29.9,1913821,"△182,832","△14,115",2021/5/10,3.0,3.17,3.5,11.0,11.0,2021/9/27,2021/9/30,2021/3/28,2021/3/31,5,2
8304,銀行,あおぞら銀,148819,"57,984","43,064",369.16,"160,136","47,796","36,130",309.67,"184,406","43,330","28,142",241.18,"155,755","38,982","28,972",248.27,245.7,,"3,632.56",,0.53,6.43,8.1,64.7,"△286,284","121,823","△17,871",253.01,,"4,189.77",,0.49,6.29,8.5,49.9,728732,△223529,△14882,2021/5/13,3.0,5.82,6.3,64.0,64.0,2021/9/27,2021/9/30,2021/3/28,2021/3/31,1,5
8354,銀行,ふくおかFG,"237,572","71,636","49,369",287.42,"246,112","74,093","51,649",300.71,"283,186","△5,250","110,607",581.83,"274,754","60,427","44,647",234.86,66.1,,"3,012.61",,0.44,13.57,78.8,14.6,"47,871","△147,507","△15,989",139.7,,"3,077.43",,0.16,4.93,77.4,36.2,"1,541,822","4,740","△16,108",2021/5/14,3.0,4.24,4.7,47.5,42.5,2021/9/27,2021/9/30,2021/3/28,2021/3/31,9,10
8309,銀行,三井住友トラ,"1,350,946","232,661","153,986",403.92,"1,467,916","256,411","173,889",458.91,"1,535,401","257,658","163,028",434.31,"1,380,434","183,155","142,196",379.65,434.31,,"6,822.48",,0.29,6.26,4.5,34.5,"△2,395,306","△631,459","△85,323",379.65,,"7,192.07",,0.22,5.42,4.3,39.5,"6,553,089","△475,494","△219,723",2021/5/13,3.0,3.86,4.75,80.0,75.0,2021/9/27,2021/9/30,2021/3/28,2021/3/31,8,5
8316,銀行,三井住友FG,"5,764,172","1,164,113","734,368",520.67,"5,735,312","1,135,300","726,681",519.95,"4,591,873","932,064","703,883",511.87,"3,902,307","711,018","512,812",374.26,462.6,,"4,354.94",,0.32,6.55,41.9,37,"7,087,460","△3,011,660","△1,024,554",205.78,,"4,364.96",,0.21,4.55,39.8,50.8,"18,795,951","△7,679,878","△562,580",2021/5/14,3.0,5.05,5.97,105.0,95.0,2021/9/27,2021/9/30,2021/3/28,2021/3/31,10,8
8601,証券,大和,"712,601","135,058","110,579",66.88,"720,586","67,326","63,813",39.95,"672,287",54288,60346,39.11,"576,172",92859,108396,71.2,33.79,,581.93,,0.25,4.92,34.5,51.1,167190,"△215,397","△135,794",13.64,,589.19,,0.42,8.52,36.0,50.6,"390,979","△91,641","438,067",2021/4/28,3.0,3.99,7.58,17.0,25.0,2021/9/27,2021/9/30,2021/3/28,2021/3/31,4,2
8604,証券,野村,1972158,"328,158","219,343",63.13,"1,835,118","△37,701","△100,442",△29.90,1952482,248261,216998,67.76,"1,617,235","230,671","153,116",50.11,67.76,,863.35,,0.49,8.21,6.0,29.5,"△15,943","216,336","332,062",50.11,,871.31,,0.36,5.73,6.3,69.8,"665,770","△139,026","△269,927",2021/4/27,3.0,4.37,6.67,8.0,15.0,2021/9/27,2021/9/30,2021/3/28,2021/3/31,1,8
8628,証券,松井,"32,210","18,532","12,908",50.28,"27,313","13,451","9,562",37.24,"24,150","8,909","6,136",23.89,"30,082","12,827","10,283",40.02,23.89,,311.72,,0.87,6.95,11.3,188.4,"60,195","△2,749","△41,209",40.02,,307.23,,1.07,12.93,8.2,100,"△111,926","△1,607","117,986",2021/4/27,3.0,4.89,4.61,20.0,20.0,2021/9/27,2021/9/30,2021/3/28,2021/3/31,2,8
8766,保険,東京海上,"5,399,115","344,939","284,183",382.83,"5,476,720","416,330","274,579",383.01,"5,465,432","363,945","259,763",369.74,"5,461,195","266,735","161,801",232.13,369.74,,"5,285.10",,1.03,7.48,13.4,60.9,"997,623","△2,546,411","1,543,105",232.13,,"4,832.05",,0.63,4.6,14.2,101.2,"1,177,873","△731,010","△512,967",2021/5/20,3.0,3.95,4.67,120.0,100.0,2021/9/27,2021/9/30,2021/3/28,2021/3/31,8,7
8795,保険,T&D,"1,928,359","156,475","77,577",124.23,"2,140,162","146,949","72,825",118.5,"2,197,928",125422,"67,103",111.31,"2,413,953","228,132","162,316",271.55,111.31,,"1,857.77",,0.41,5.91,6.8,39.5,"591,097","△560,134","33,893",271.55,,"2,617.07",,0.61,8.32,8.6,16.9,"500,485","△261,463","△72,125",2021/5/14,3.0,3.74,4.11,28.0,24.0,2021/9/27,2021/9/30,2021/3/28,2021/3/31,1,8
8725,保険,MS&AD,"5,217,835","211,548","154,057",260.04,"5,500,438","290,847","192,705",328.72,"5,168,361","157,701","43,030",248.36,"4,892,244","306,524","144,398",255.79,248.36,,"4,308.37",,0.62,5.5,10.6,60.4,"667,896","△330,363","65,321",255.79,,"5,525.42",,0.6,5.22,12.8,60.6,"△323,912","43,925","79,278",2021/5/20,3.0,4.31,5.09,82.5,80.0,2021/9/27,2021/9/30,2021/3/28,2021/3/31,8,3
8750,保険,第一生命HD,"7,037,827","471,994","363,928",310.69,"7,184,093","432,945","225,035",194.43,"7,114,099","218,380","32,433",28.53,"7,827,806","552,861","363,777",325.61,28.53,,"3,344.23",,0.05,0.87,6.3,217.3,"590,084","△896,437","784,869",325.61,,"4,329.08",,0.57,8.48,7.6,19,"△79,904","551,362","65,587",2021/5/14,3.0,3.83,3.99,0.0,62.0,2021/9/27,2021/9/30,2021/3/28,2021/3/31,1,2
8630,保険,SOMPO,"3,770,052","141,890","139,817",361.39,"3,643,040","198,959","146,626",392.26,"3,760,366","192,451","122,515",334.12,"3,846,323","215,097","142,482",397.4,334.12,,"4,385.85",,1.02,7.3,13.3,44.9,"356,446","△140,117","△230,605",397.4,,"5,686.22",,1.09,7.88,15.4,42.8,"626,202","△359,516","△94,498",2021/5/20,3.0,3.56,4.37,105.0,90.0,2021/9/27,2021/9/30,2021/3/28,2021/3/31,8,7
8697,その他金融,日本取引所,120711,71791,50634,94.17,121134,69535,49533,91.58,123688,68533,48314,88.91,133343,74565,52017,96,84.78,,231.75,,0.07,16.33,51.1,60.7,56881,△9434,△39411,85.27,,252.81,,0.09,16.59,51.0,70.8,71750,△1513,△33932,2021/4/28,3.0,2.98,2.7,26.0,42.0,2021/9/27,2021/9/30,2021/3/28,2021/3/31,7,2
8591,その他金融,オリックス,2862771,336195,313135,244.4,2434864,329438,323745,252.92,2280329,269681,302700,237.38,"2,292,708","258,814","192,384",155.54,175.31,,"1,006.32",,2.32,10.28,26.2,32,"1,042,466","△1,470,486","288,703",93.94,,992.51,,1.42,6.39,25.4,50.1,"1,095,676","△1,203,252","39,884",2021/5/13,3.0,4.57,5.28,39.0,43.0,2021/9/27,2021/9/30,2021/3/28,2021/3/31,2,9
8253,その他金融,クレセゾン,"293,250","57,314","38,386",235.39,"304,855","52,233","29,340",186.84,"311,410","36,184","22,645",143.43,"282,625","48,352","36,247",231.24,209.38,,"2,589.79",,0.68,4.69,12.6,31.4,"△169,864","29,654","167,776",191.46,,"2,825.11",,1.06,7.12,13.5,19.5,"△4,695","△10,622","6,225",2021/5/14,3.0,3.03,3.68,0.0,45.0,2021/9/27,2021/9/30,2021/3/28,2021/3/31,4,6
8804,不動産,東建物,"266,983","44,757","22,599",104.17,"273,302","46,765","27,277",125.79,"323,036","52,410","29,796",141.59,"334,980","49,631","31,795",152.12,141.59,,"1,794.15",,1.91,8.24,24.0,29,"24,096","△64,082","48,000",152.12,,"1,862.81",,1.96,8.32,24.0,30.2,"43,524","△66,724","38,307",2021/2/12,12.0,3.41,3.09,24.0,27.0,2021/6/27,2021/6/30,2021/12/28,2021/12/31,7,4
3289,不動産,東急不HD,"866,126","77,519","35,185",57.8,"901,884","80,205","37,459",56.84,"963,198","79,312","38,611",53.7,"907,735","56,517","21,668",30.13,22.78,,416.85,,1.55,6.75,20.8,29.8,"△6,660","△147,223","65,077",24.45,,426,,0.82,3.67,20.8,53.1,"100,411","△116,031","108,344",2021/5/11,3.0,2.37,3.01,8.0,8.0,2021/9/27,2021/9/30,2021/3/28,2021/3/31,1,1
8802,不動産,三菱地所,"1,194,049","213,047","120,443",86.78,"1,263,283","229,178","134,608",96.97,"1,302,196","240,768","148,451",108.64,"1,207,594","224,394","135,655",101.34,108.64,,"1,295.83",,2.53,8.47,29.6,30.4,"341,766","△277,440","△28,886",101.34,,"1,383.47",,2.23,7.57,30.5,30.6,"207,414","△297,303","50,425",2021/5/13,3.0,1.64,1.82,16.0,19.0,2021/9/27,2021/9/30,2021/3/28,2021/3/31,6,8
8801,不動産,三井不動産,"1,751,114","245,902","155,874",157.75,"1,861,195","262,147","168,661",171.3,"1,905,642","280,617","183,972",188.35,"2,007,554","203,770","129,576",134.44,154,,"2,094.17",,2.49,7.74,34.8,23.4,"87,094","△532,806","467,751",127.39,,"2,262.26",,1.67,5.22,36.5,32.7,"187,862","△131,035","△66,565",2021/5/14,3.0,1.68,2.13,22.0,22.0,2021/9/27,2021/9/30,2021/3/28,2021/3/31,10,3
8830,不動産,住友不動産,948402,205637,119731,252.62,1013229,20419,130817,276.02,1013512,234332,140997,297.5,917472,219244,141389,298.33,297.5,,2732.41,,2.65,11.29,24.4,11.8,230458,△290118,82644,298.33,,3171.34,,2.49,10.11,26.5,13.4,225947,△336682,102086,2021/5/13,3.0,0.89,1.26,22.0,21.0,2021/9/27,2021/9/30,2021/3/28,2021/3/31,6,6
9022,鉄道・バス,JR東海,"1,822,039","662,023","395,502","2,015.48","1,878,137","709,775","438,715","2,238.95","1,844,647","656,163","397,881","2,027.86","823,517","△184,751","△201,554","△1,025.46","1,928.84",,"18,613.60",,4.14,10.9,38.9,7.4,"595,227","△552,494","△32,993","△1,028.26",,"17,571.62",,△2.10,△5.39,36.8,△12.67,"△169,354","△134,718","262,638",2021/4/27,3.0,0.68,0.82,65.0,65.0,2021/9/27,2021/9/30,2021/3/28,2021/3/31,8,5
9008,鉄道・バス,京王,"434,697","38,537","23,897",195.71,"447,508","40,078","27,213",222.87,"433,669","36,024","17,875",146.4,"315,439","△20,866","△27,519",△225.38,113.7,,"1,940.21",,2.04,4.83,32.2,35.9,"50,157","△50,570","△15,611",△17.54,,"1,895.08",,△3.02,△7.67,30.2,△17.74,"6,897","△30,822","58,767",2021/4/30,3.0,0.78,0.58,20.0,20.0,2021/9/27,2021/9/30,2021/3/28,2021/3/31,9,5
9001,鉄道・バス,東武,"569,519","66,645","36,025",168.87,"617,543","67,295","28,024",132.65,"653,874","62,653","35,530",168.84,"496,326","△13,577","△24,965",△119.67,128.64,,"1,838.81",,2.15,7.67,24.6,23.7,"101,136","△75,621","△22,577",△103.57,,"1,740.03",,△1.48,△5.48,23.1,△16.71,"39,504","△66,283","40,362",2021/4/30,3.0,1.15,0.6,10.0,10.0,2021/9/27,2021/9/30,2021/3/28,2021/3/31,3,7
9007,鉄道・バス,小田急,"524,660",51464,"29,328",81.36,"526,675",52089,"32,468",90.11,"534,132","41,103","19,923",55.08,"385,978","△24,190","△39,804",△109.60,58.59,,921.37,,1.5,5.18,29.2,38.1,"74,897","△85,454","17,171",△53.92,,861.58,,△3.00,△10.80,27.4,△9.12,"27,178","△43,582","37,207",2021/4/28,3.0,0.82,0.35,0.0,10.0,2021/9/27,2021/9/30,2021/3/28,2021/3/31,5,10
9009,鉄道・バス,京成,"255,028","30,085","34,811",205.66,"261,553","31,608","38,642",228.29,"274,796","28,320","30,110",178.07,"207,761","△18,056","△30,289",△179.65,86.31,,"1,124.35",,3.32,7.52,34.4,9.5,"51,487","△48,076","△4,411",△11.48,,"1,094.78",,△3.36,△7.67,32.6,△9.46,"9,282","△28,678","21,498",2021/4/30,3.0,0.41,0.5,8.5,8.5,2021/9/27,2021/9/30,2021/3/28,2021/3/31,7,1
9005,鉄道・バス,東急,1138612,82918,70095,115.42,1157440,81971,57824,95.14,"1,164,243",68760,42386,69.88,"935,927","△31,658","△56,229",△93.08,42.48,,916.86,,1.67,5.64,29.7,32.9,"155,302","△190,641","59,634",△44.66,,865.25,,△2.27,△7.71,27.1,△16.11,"85,890","△115,195","17,184",2021/5/13,3.0,1.18,1.04,7.5,5.0,2021/9/27,2021/9/30,2021/3/28,2021/3/31,1,9
9020,鉄道・バス,JR東日本,"2,950,156","481,295","288,957",749.2,"3,002,043","484,860","295,216",773.26,"2,946,639","380,841","198,428",524.91,"1,764,584","△520,358","△577,900","△1,531.91",420.35,,"6,756.71",,2.32,6.39,32.5,31.4,"548,692","△701,601","43,409","△1,341.71",,"5,334.28",,△6.48,△20.34,24.6,△6.52,"△189,968","△749,397","983,385",2021/4/28,3.0,1.66,1.38,50.0,50.0,2021/9/27,2021/9/30,2021/3/28,2021/3/31,9,1
9021,鉄道・バス,JR西日本,1500445,191365,110493,570.72,1529308,196946,102750,533.31,"1,508,201","160,628","89,380",466.88,"898,172","△245,544","△233,214","△1,219.71",384.17,,"4,306.43",,2.73,8.13,29.5,39.1,"240,152","△268,657","△29,167","△1,135.84",,"3,032.42",,△6.71,△23.66,19.2,△8.20,"△103,295","△211,692","446,749",2021/4/30,3.0,2.06,1.72,50.0,50.0,2021/9/27,2021/9/30,2021/3/28,2021/3/31,9,8
9064,陸運,ヤマトHD,"1,538,813","35,685","18,231",46.24,"1,625,315","58,345","25,682",65.14,"1,630,146","44,701","22,324",56.78,"1,695,867","92,121","56,700",151.55,56.78,,"1,441.20",,2.03,3.98,50.4,72.2,"74,433","△49,943","△22,368",151.55,,"1,553.45",,5.2,10.02,52.9,30.4,"123,921","44,078","△123,247",2021/4/28,3.0,2.06,1.78,23.0,30.0,2021/9/27,2021/9/30,2021/3/28,2021/3/31,9,3
9104,海運,商船三井,"1,652,393","22,684","△47,380",△396.16,"1,234,077","37,718","26,875",224.72,"1,155,404","23,779","32,623",272.79,"991,426","△5,303","90,052",752.98,132.05,,"1,643.76",,1.55,6.28,19.5,23.8,"100,723","△107,250",△728,△76.67,,"1,615.29",,4.3,16.51,19.1,19.9,"98,898","△54,660","△61,705",2021/4/30,3.0,2.46,6.1,300.0,135.0,2021/9/27,2021/9/30,2021/3/28,2021/3/31,9,9
9101,海運,日本郵船,"2,183,201","27,824",20167,119.57,"1,829,300","11,085","△44,501",△263.80,"1,668,355","38,696","31,129",184.39,"1,608,414","71,537","139,228",824.55,134.14,,"1,271.09",,1.61,6.55,16.4,21.7,116931,"△54,867","△61,733",226.54,,"1,477.48",,6.55,25.59,18.7,24.3,"159,336","△16,871","△125,483",2021/5/10,3.0,2.27,9.73,200.0,180.0,2021/9/27,2021/9/30,2021/3/28,2021/3/31,1,8
9107,海運,川崎汽,"1,162,025","7,219","10,384",111.13,"836,731","△24,736","△111,188","△1,192.08","735,284","6,840","5,269",56.5,"625,486","△21,286","108,695","1,165.34",272.58,,413.52,,0.59,5.15,7.3,0,"△21,797","△20,286","16,731",90.4,,477.52,,11.15,68.09,8.2,0,"33,397","16,987","△34,845",2021/5/10,3.0,0.0,0.0,0.0,0.0,2021/9/27,2021/9/30,2021/3/28,2021/3/31,9,9
9202,空運,ANAHD,"1,971,799","164,516","143,887",417.82,"2,058,312","165,019","110,777",331.04,"1,974,216","60,806","27,655",82.66,"728,683","△464,774","△404,624","△1,082.04",266.66,,"2,783.80",,1.08,2.56,48.3,0,"130,169","△230,218","23,869",△69.81,,"2,602.62",,△12.61,△39.13,40.3,,"△270,441",△595759,1098172,2021/4/30,3.0,0.0,0.0,0.0,0.0,2021/9/27,2021/9/30,2021/3/28,2021/3/31,3,10
9201,空運,JAL,"1,383,257","174,565","135,406",383.23,"1,487,261","176,160","150,807",432.1,"1,385,914","88,149","52,012",140.04,"481,225","△404,078","△287,875",△764.99,143.36,,"3,047.78",,2.42,4.41,56.2,39.3,"80,857","△233,725","△38,810",△763.41,,"2,018.45",,△13.60,△29.23,46.7,0,"△219,519","△91,012","388,624",2021/5/7,3.0,1.66,0.0,0.0,0.0,2021/9/27,2021/9/30,2021/3/28,2021/3/31,3,7
9301,倉庫,三菱倉,215407,12421,10517,120.07,"227,185","12,660","11,564",132.03,229057,12195,"11,851",137.31,"213,729","11,735","39,160",462.28,137.31,,"3,298.18",,2.53,4.09,60.5,43.7,"17,624","△18,022","△2,359",462.28,,"3,914.63",,7.31,12.9,60.4,13,"40,176","△14,002","△5,270",2021/4/30,3.0,2.13,2.04,39.0,30.0,2021/9/27,2021/9/30,2021/3/28,2021/3/31,3,1
9433,通信,KDDI,"5,041,978","962,793","661,196",235.54,"5,080,353","1,013,729","701,126",259.1,"5,237,221","1,025,237","695,401",275.69,"5,312,599","1,037,395","706,605",284.16,275.69,,2110.16,,6.68,14.93,45.8,41.7,"1,323,356","△610,950","△546,381",284.16,,2284.03,,6.18,14.25,45.2,42.2,"1,682,166","△658,925","△585,571",2021/5/14,3.0,3.9,3.82,60.0,60.0,2021/9/27,2021/9/30,2021/3/28,2021/3/31,4,3
9434,通信,ソフトバンク,"3,582,635","637,933","401,405",97.64,"3,746,305","719,459","425,572",89.99,"4,861,247","911,725","506,668",99.27,"5,205,537","970,770","547,720",103.85,99.27,,356.46,,4.83,37.87,10.2,85.6,"1,249,535","△900,145","△143,613",103.85,,571.38,,4.02,38.74,12.6,82.8,"1,338,949","△511,295","△388,462",2021/5/11,3.0,5.86,6.31,43.0,43.0,2021/9/27,2021/9/30,2021/3/28,2021/3/31,8,4
9432,通信,NTT,"11,782,148","1,641,086","897,887",449.86,"11,879,842","1,693,833","854,561",440.25,"11,899,415","1,562,151","855,306",231.21,"11,943,966","1,671,391","916,181",248.15,129.96,,"1,332.87",,3.72,9.33,70.9,41.1,"2,995,211","△1,852,727","△1,041,261",173.14,,"1,429.21",,3.99,11.02,45.1,42.3,3009064,△1424532,"△1,689,548",2021/5/12,3.0,91.62,4.12,55.0,55.0,2021/9/27,2021/9/30,2021/3/28,2021/3/31,4,2
9613,通信,NTTデータ,2039690,123120,82392,58.75,2163625,147716,93616,66.75,2266808,130937,75148,53.58,2318658,139173,76843,54.79,53.58,,704.03,,2.8,8.06,35.0,33.6,280029,△257240,△66081,54.79,,803.24,,2.65,7.64,37.0,32.9,352492,△173893,△101618,2021/5/11,3.0,1.3,1.34,9.5,9.0,2021/9/27,2021/9/30,2021/3/28,2021/3/31,4,6
9984,通信,ソフトバンクG,"9,158,765","384,630","1,237,812",933.54,"9,602,236","1,691,302","1,454,618","1,268.15","5,238,938","50,038","△800,760",△478.50,"5,628,167",5670456,5078236,2619.61,△465.10,,"2,000.51",,△2.58,△14.21,27.2,△9.19,"1,117,879","△4,286,921","2,920,863",741.58,,"2,027.26",,10.9,61.86,18.3,1.7,557250,△1468599,"2,194,077",2021/5/12,3.0,0.91,0.63,22.0,22.0,2021/9/27,2021/9/30,2021/3/28,2021/3/31,4,5
9502,電力,中部電,2853309,136505,74372,98.24,3035082,125924,79422,104.96,3065954,130832,163472,216.11,2935409,145694,147202,194.65,82.18,,1993.06,,2.97,8.9,31.5,23.1,255896,△647622,△5851,17.93,,1969.86,,2.59,7.5,34.2,25.7,384148,△21513,△141121,2021/4/28,3.0,3.24,3.72,25.0,25.0,2021/9/27,2021/9/30,2021/3/28,2021/3/31,2,6
9503,電力,関西電,"3,133,632","227,551","151,880",170.01,"3,307,661","204,853","115,077",128.83,"3,184,259","206,956","130,002",145.55,"3,092,398","145,746","108,978",122.02,88.53,,"1,120.61",,1.71,8.35,14.8,34.4,"463,408","△577,370","211,222",44.22,,"1,138.88",,1.35,6.63,14.8,41,"369,215","△660,755","325,643",2021/4/28,3.0,3.91,4.74,25.0,25.0,2021/9/27,2021/9/30,2021/3/28,2021/3/31,3,1
9501,電力,東電HD,5850939,288470,318077,198.52,6338490,312257,232414,145.06,6241422,211841,50703,31.65,5866824,143460,180896,112.9,31.65,,1185.98,,0.42,1.75,24.3,,323493,△508253,13591,112.9,,1326.49,,1.5,6,25.8,,239825,△577215,△20340,2021/4/28,3.0,0.0,0.0,0.0,0.0,2021/9/27,2021/9/30,2021/3/28,2021/3/31,10,4
9532,ガス,大ガス,1296238,78118,37724,90.71,1371863,67977,33601,80.8,1368689,83792,41788,100.5,1364106,112491,80857,194.48,131.42,,1875.12,,1.95,4.17,47.4,49.8,182892,△232266,79272,131.42,,2002.22,,3.5,7.78,48.4,27,219797,△198354,△1636,2021/4/27,3.0,2.52,2.54,27.5,27.5,2021/9/27,2021/9/30,2021/3/28,2021/3/31,1,2
9531,ガス,東ガス,"1,777,344","116,302","74,987",164.12,"1,962,308","93,704","84,555",187.6,"1,925,235","101,418","43,293",97.86,"1,765,146","77,675","49,505",112.26,128.18,,"1,855.81",,1.7,3.75,39.1,61.3,"306,296","△270,798","23,171",96.41,,"1,825.41",,1.81,4.3,38.1,53.4,"255,574","△295,911","52,009",2021/4/28,3.0,2.28,2.47,30.0,30.0,2021/9/27,2021/9/30,2021/3/28,2021/3/31,3,8
9766,サービス,コナミG,"239,497","45,181","30,506",225.59,"262,549","50,522","34,217",252.86,"262,810","30,972","19,897",147.26,"272,656","36,550","32,274",242.17,261.23,,"1,792.29",,4.75,7.32,85.6,30.6,"51,166","△62,147","△15,869",104.41,,"1,867.14",,6.6,11.38,75.5,30.1,"69,770","△22,412","22,426",2021/5/13,3.0,0.96,1.51,36.5,50.5,2021/9/27,2021/9/30,2021/3/28,2021/3/31,7,9
4324,サービス,電通グループ,"928,841","137,392","113,142",373.11,"1,018,512","111,638","97,501",320.39,1047881,△3358,△72905,△287.92,939243,△140625,△152296,△571.19,△287.92,,3895.88,,△2.13,△8.00,25.7,△32.99,79957,△76051,△7803,△571.19,,2977.08,,△4.74,△18.60,22.0,△12.47,139715,262226,△232189,2021/2/15,12.0,2.28,2.47,50.5,67.0,2021/6/27,2021/6/30,2021/12/28,2021/12/31,5,1
2413,サービス,エムスリー,"94,471","27,486","19,225",27.99,"113,059","30,800","21,346",30.22,"130,973","34,337","24,153",31.89,"169,198","57,972","41,198",55.73,31.89,,252.73,,9.75,16.34,74.9,26.7,"26,789","△49,883","43,400",55.73,,305.25,,13.85,20.67,73.2,21.5,"46,627","3,592","△11,615",2021/4/23,3.0,0.33,0.17,0.0,12.0,2021/9/27,2021/9/30,2021/3/28,2021/3/31,3,3
4704,サービス,トレンド,"148,811","36,441","25,691",187.01,"160,410","35,836","28,314",204.38,"165,195","37,686","27,946",200.94,"174,061","39,464","26,904",193.39,172.75,,592.67,,7.77,15.02,47.5,79.6,"45,109","△1,470","△25,958",150.45,,571.55,,7.14,14.41,44.7,79.1,"54,310","△5,777","△21,142",2021/2/17,12.0,2.61,3.3,0.0,195.0,2021/6/27,2021/6/30,2021/12/28,2021/12/31,2,2
3659,サービス,ネクソン,"234,929","90,504","56,517",64.67,"253,721","98,360","102,977",121.03,"248,542","94,525","113,236",129.34,"293,024","111,450","55,489",63.57,25.04,,60.18,,16.08,19.68,84.3,1.9,"105,073","△28,625","△27,742",42.01,,104.28,,6.52,8.45,89.5,7.9,"137,603","△140,234","△2,626",2021/2/9,12.0,0.16,0.21,2.5,2.5,2021/6/27,2021/6/30,2021/12/28,2021/12/31,4,9
4755,サービス,楽天グループ,"944,474","149,344","110,488",80.03,"1,101,480","170,425","141,889",105.43,"1,263,932","72,745","△33,068",△23.55,"1,455,538","△93,849","△115,838",△84.00,△23.55,,344.63,,△0.35,△4.22,8.0,△19.10,"318,320","△286,290","458,340",△84.00,,294.05,,△0.91,△16.99,4.9,△5.35,"1,041,391","△303,347","808,108",2021/2/12,12.0,0.45,0.37,0.0,4.5,2021/6/27,2021/6/30,2021/12/28,2021/12/31,9,9
6178,サービス,日本郵政,"12,920,375","916,144","460,623",112.97,"12,774,999","830,696","479,419",118.57,"11,950,185","864,457","483,733",119.64,"11,720,403","914,164","418,238",103.44,98.35,,"1,986.40",,0.17,3.99,98.8,41.8,"305,850","1,040,484","99,003",△526.79,,"1,462.39",,0.14,3.38,98.6,48.3,"6,965,155","2,015,201","50,578",2021/5/14,3.0,4.71,6.13,0.0,50.0,2021/9/27,2021/9/30,2021/3/28,2021/3/31,10,9
4751,サービス,サイバー,"419,512",30163,"4,849",38.54,"453,611","30,825","1,694",13.45,"478,566","33,880","6,608",13.1,"666,460","104,381","41,553",82.3,35.14,,213.62,,0.75,2.11,56.9,64.9,"37,028","△16,621","△2,590",△136.71,,66.63,,2.53,7.83,27.0,13.4,"109,609","△28,537",374,2021/10/27,9.0,0.73,0.57,0.0,11.0,2021/3/28,2021/3/31,2021/9/27,2021/9/30,3,1
4689,サービス,ZHD,"897,185","185,810","134,412",23.04,"954,714","140,528","77,828",14.74,"1,052,943","152,276","88,020",16.88,"1,205,846","162,125","89,120",14.02,16.88,,137.26,,2.08,10.27,19.6,52.5,"241,578","△503,734","595,809",14.02,,391.62,,1.05,4.06,40.1,39.7,"207,921","△12,349","△12,070",2021/4/28,3.0,2.55,0.94,0.0,5.56,2021/9/27,2021/9/30,2021/3/28,2021/3/31,7,4
7974,サービス,任天堂,"1,055,682","177,557","139,590","1,162.30","1,200,560","249,701","194,009","1,615.51","1,308,519","352,370","258,641","2,171.20","1,758,910","640,634","480,376","4,032.60","1,769.94",,"8,824.00",,13.37,17.53,76.9,50.2,"347,753","△188,433","△111,031","3,385.90",,"10,761.57",,19.63,28.13,72.6,55.1,"612,106","△136,533","△194,938",2021/5/6,3.0,2.73,4.01,620.0,1410.0,2021/9/27,2021/9/30,2021/3/28,2021/3/31,9,6
9602,サービス,東宝,"242,668","47,586","33,553",185.95,"246,274","44,982","30,197",167.92,"262,766","52,857","36,609",203.77,"191,948","22,447","14,688",82.54,139.73,,"1,526.85",,7.47,10.02,66.5,27,"55,892","△7,353","△8,407",101.34,,"1,563.77",,3.1,3.91,69.9,42.4,"12,512","△27,226","△17,220",2021/4/13,2.0,1.23,0.88,17.5,17.5,2021/8/28,2021/8/31,2021/2/25,2021/2/28,7,6
2432,サービス,ディーエヌエ,"139,390","27,503","23,616",158.34,"124,116","13,512","13,177",87.47,"121,387","△45,676","△49,847",△352.49,"136,971","22,495","26,354",207.54,△40.31,,"1,228.66",,△19.22,△22.75,79.7,△5.67,"12,946","△8,706","△32,154",47.28,,"1,437.53",,7.84,12.68,71.1,15.4,"29,967","△8,640","6,614",2021/5/7,3.0,1.08,1.85,0.0,32.0,2021/9/27,2021/9/30,2021/3/28,2021/3/31,4,1
4661,サービス,OLC,"479,280","110,285","81,191",246.7,"525,622","129,278","90,286",274.65,"464,450","96,862","62,217",189.23,"170,581","△45,989","△54,190",△165.51,191.54,,"2,323.59",,6.16,7.66,79.3,23.2,"73,336","20,534","△55,257",△113.70,,"2,184.67",,△5.21,△6.86,71.4,△15.70,"△23,834","△160,738","88,724",2021/4/28,3.0,0.3,0.16,13.0,13.0,2021/9/27,2021/9/30,2021/3/28,2021/3/31,9,3
9735,サービス,セコム,"970,624","135,448","86,993",398.58,"1,013,823","130,213","92,009",421.56,"1,060,070","142,858","89,080",408.14,"1,035,898","136,925","74,681",342.17,301.51,,"3,724.35",,4.91,8.77,85.8,41.7,"175,559","△60,780","△48,209",274.72,,"3,842.01",,4.01,7.05,86.3,49.7,"181,932","△48,536","△49,311",2021/5/13,3.0,1.82,1.78,90.0,85.0,2021/9/27,2021/9/30,2021/3/28,2021/3/31,6,3
6098,サービス,リクルート,"2,173,385","191,794","151,667",90.79,"2,310,756","223,090","174,280",104.31,"2,399,465","206,011","179,880",108.27,"2,269,346","162,823","131,393",79.83,51.68,,528.44,,9,18.41,61.8,27.7,"303,325","△88,993","△192,721",8.54,,491.99,,5.98,12.63,58.6,25.1,"286,597","△40,373","△172,713",2021/5/17,3.0,0.82,0.48,10.5,10.5,2021/9/27,2021/9/30,2021/3/28,2021/3/31,5,8
9999,,日経平均,,,,,,,,,,,,,,,,,,,,,,,,,,,,,,,,,,,,,,,,,,,,,,,,,5,3
9998,,TOPIX,,,,,,,,,,,,,,,,,,,,,,,,,,,,,,,,,,,,,,,,,,,,,,,,,2,1
